TBS,MCS,bits/symbol,code rate,num,1,2,3,4,5,6,7,8,9,10,11,12,13,14,15,16,17,18,19,20,21,22,23,24,25,26,27,28,29,30,31,32,33,34,35,36,37,38,39,40,41,42,43,44,45,46,47,48,49,50,51,52,53,54,55,56,57,58,59,60,61,62,63,64,65,66,67,68,69,70,71,72,73,74,75,76,77,78,79,80,81,82,83,84,85,86,87,88,89,90,91,92,93,94,95,96,97,98,99,100,101,102,103,104,105,106,107,108,109,110,111,112,113,114,115,116,117,118,119,120,121,122,123,124,125,126,127,128,129,130,131,132
0,0,2,1/3,A,448.0,896,1344,1792,2240,2688,3136,3584,4032,4480,4928,5376,5824,6272,6720,7168,7616,8064,8512,8960,9408,9856,10304,10752,11200,11648,12096,12544,12992,13440,13888,14336,14784,15232,15680,16128,16576,17024,17472,17920,18368,18816,19264,19712,20160,20608,21056,21504,21952,22400,22848,23296,23744,24192,24640,25088,25536,25984,26432,26880,27328,27776,28224,28672,29120,29568,30016,30464,30912,31360,31808,32256,32704,33152,33600,34048,34496,34944,35392,35840,36288,36736,37184,37632,38080,38528,38976,39424,39872,40320,40768,41216,41664,42112,42560,43008,43456,43904,44352,44800,45248,45696,46144,46592,47040,47488,47936,48384,48832,49280,49728,50176,50624,51072,51520,51968,52416,52864,53312,53760,54208,54656,55104,55552,56000,56448,56896,57344,57792,58240,58688,59136
2,0,2,1/3,B,480.0,960,1440,1920,2400,2880,3360,3840,4320,4800,5280,5760,6240,6720,7200,7680,8160,8640,9120,9600,10080,10560,11040,11520,12000,12480,12960,13440,13920,14400,14880,15360,15840,16320,16800,17280,17760,18240,18720,19200,19680,20160,20640,21120,21600,22080,22560,23040,23520,24000,24480,24960,25440,25920,26400,26880,27360,27840,28320,28800,29280,29760,30240,30720,31200,31680,32160,32640,33120,33600,34080,34560,35040,35520,36000,36480,36960,37440,37920,38400,38880,39360,39840,40320,40800,41280,41760,42240,42720,43200,43680,44160,44640,45120,45600,46080,46560,47040,47520,48000,48480,48960,49440,49920,50400,50880,51360,51840,52320,52800,53280,53760,54240,54720,55200,55680,56160,56640,57120,57600,58080,58560,59040,59520,60000,60480,60960,61440,61920,62400,62880,63360
1,0,2,1/3,C,490.0,980,1470,1960,2450,2940,3430,3920,4410,4900,5390,5880,6370,6860,7350,7840,8330,8820,9310,9800,10290,10780,11270,11760,12250,12740,13230,13720,14210,14700,15190,15680,16170,16660,17150,17640,18130,18620,19110,19600,20090,20580,21070,21560,22050,22540,23030,23520,24010,24500,24990,25480,25970,26460,26950,27440,27930,28420,28910,29400,29890,30380,30870,31360,31850,32340,32830,33320,33810,34300,34790,35280,35770,36260,36750,37240,37730,38220,38710,39200,39690,40180,40670,41160,41650,42140,42630,43120,43610,44100,44590,45080,45570,46060,46550,47040,47530,48020,48510,49000,49490,49980,50470,50960,51450,51940,52430,52920,53410,53900,54390,54880,55370,55860,56350,56840,57330,57820,58310,58800,59290,59780,60270,60760,61250,61740,62230,62720,63210,63700,64190,64680
3,1,2,1/2,A,672.0,1344,2016,2688,3360,4032,4704,5376,6048,6720,7392,8064,8736,9408,10080,10752,11424,12096,12768,13440,14112,14784,15456,16128,16800,17472,18144,18816,19488,20160,20832,21504,22176,22848,23520,24192,24864,25536,26208,26880,27552,28224,28896,29568,30240,30912,31584,32256,32928,33600,34272,34944,35616,36288,36960,37632,38304,38976,39648,40320,40992,41664,42336,43008,43680,44352,45024,45696,46368,47040,47712,48384,49056,49728,50400,51072,51744,52416,53088,53760,54432,55104,55776,56448,57120,57792,58464,59136,59808,60480,61152,61824,62496,63168,63840,64512,65184,65856,66528,67200,67872,68544,69216,69888,70560,71232,71904,72576,73248,73920,74592,75264,75936,76608,77280,77952,78624,79296,79968,80640,81312,81984,82656,83328,84000,84672,85344,86016,86688,87360,88032,88704
5,1,2,1/2,B,720.0,1440,2160,2880,3600,4320,5040,5760,6480,7200,7920,8640,9360,10080,10800,11520,12240,12960,13680,14400,15120,15840,16560,17280,18000,18720,19440,20160,20880,21600,22320,23040,23760,24480,25200,25920,26640,27360,28080,28800,29520,30240,30960,31680,32400,33120,33840,34560,35280,36000,36720,37440,38160,38880,39600,40320,41040,41760,42480,43200,43920,44640,45360,46080,46800,47520,48240,48960,49680,50400,51120,51840,52560,53280,54000,54720,55440,56160,56880,57600,58320,59040,59760,60480,61200,61920,62640,63360,64080,64800,65520,66240,66960,67680,68400,69120,69840,70560,71280,72000,72720,73440,74160,74880,75600,76320,77040,77760,78480,79200,79920,80640,81360,82080,82800,83520,84240,84960,85680,86400,87120,87840,88560,89280,90000,90720,91440,92160,92880,93600,94320,95040
4,1,2,1/2,C,736.0,1472,2208,2944,3680,4416,5152,5888,6624,7360,8096,8832,9568,10304,11040,11776,12512,13248,13984,14720,15456,16192,16928,17664,18400,19136,19872,20608,21344,22080,22816,23552,24288,25024,25760,26496,27232,27968,28704,29440,30176,30912,31648,32384,33120,33856,34592,35328,36064,36800,37536,38272,39008,39744,40480,41216,41952,42688,43424,44160,44896,45632,46368,47104,47840,48576,49312,50048,50784,51520,52256,52992,53728,54464,55200,55936,56672,57408,58144,58880,59616,60352,61088,61824,62560,63296,64032,64768,65504,66240,66976,67712,68448,69184,69920,70656,71392,72128,72864,73600,74336,75072,75808,76544,77280,78016,78752,79488,80224,80960,81696,82432,83168,83904,84640,85376,86112,86848,87584,88320,89056,89792,90528,91264,92000,92736,93472,94208,94944,95680,96416,97152
6,2,2,2/3,A,896.0,1792,2688,3584,4480,5376,6272,7168,8064,8960,9856,10752,11648,12544,13440,14336,15232,16128,17024,17920,18816,19712,20608,21504,22400,23296,24192,25088,25984,26880,27776,28672,29568,30464,31360,32256,33152,34048,34944,35840,36736,37632,38528,39424,40320,41216,42112,43008,43904,44800,45696,46592,47488,48384,49280,50176,51072,51968,52864,53760,54656,55552,56448,57344,58240,59136,60032,60928,61824,62720,63616,64512,65408,66304,67200,68096,68992,69888,70784,71680,72576,73472,74368,75264,76160,77056,77952,78848,79744,80640,81536,82432,83328,84224,85120,86016,86912,87808,88704,89600,90496,91392,92288,93184,94080,94976,95872,96768,97664,98560,99456,100352,101248,102144,103040,103936,104832,105728,106624,107520,108416,109312,110208,111104,112000,112896,113792,114688,115584,116480,117376,118272
8,2,2,2/3,B,960.0,1920,2880,3840,4800,5760,6720,7680,8640,9600,10560,11520,12480,13440,14400,15360,16320,17280,18240,19200,20160,21120,22080,23040,24000,24960,25920,26880,27840,28800,29760,30720,31680,32640,33600,34560,35520,36480,37440,38400,39360,40320,41280,42240,43200,44160,45120,46080,47040,48000,48960,49920,50880,51840,52800,53760,54720,55680,56640,57600,58560,59520,60480,61440,62400,63360,64320,65280,66240,67200,68160,69120,70080,71040,72000,72960,73920,74880,75840,76800,77760,78720,79680,80640,81600,82560,83520,84480,85440,86400,87360,88320,89280,90240,91200,92160,93120,94080,95040,96000,96960,97920,98880,99840,100800,101760,102720,103680,104640,105600,106560,107520,108480,109440,110400,111360,112320,113280,114240,115200,116160,117120,118080,119040,120000,120960,121920,122880,123840,124800,125760,126720
7,2,2,2/3,C,981.0,1962,2943,3924,4905,5886,6867,7848,8829,9810,10791,11772,12753,13734,14715,15696,16677,17658,18639,19620,20601,21582,22563,23544,24525,25506,26487,27468,28449,29430,30411,31392,32373,33354,34335,35316,36297,37278,38259,39240,40221,41202,42183,43164,44145,45126,46107,47088,48069,49050,50031,51012,51993,52974,53955,54936,55917,56898,57879,58860,59841,60822,61803,62784,63765,64746,65727,66708,67689,68670,69651,70632,71613,72594,73575,74556,75537,76518,77499,78480,79461,80442,81423,82404,83385,84366,85347,86328,87309,88290,89271,90252,91233,92214,93195,94176,95157,96138,97119,98100,99081,100062,101043,102024,103005,103986,104967,105948,106929,107910,108891,109872,110853,111834,112815,113796,114777,115758,116739,117720,118701,119682,120663,121644,122625,123606,124587,125568,126549,127530,128511,129492
9,3,2,3/4,A,1008.0,2016,3024,4032,5040,6048,7056,8064,9072,10080,11088,12096,13104,14112,15120,16128,17136,18144,19152,20160,21168,22176,23184,24192,25200,26208,27216,28224,29232,30240,31248,32256,33264,34272,35280,36288,37296,38304,39312,40320,41328,42336,43344,44352,45360,46368,47376,48384,49392,50400,51408,52416,53424,54432,55440,56448,57456,58464,59472,60480,61488,62496,63504,64512,65520,66528,67536,68544,69552,70560,71568,72576,73584,74592,75600,76608,77616,78624,79632,80640,81648,82656,83664,84672,85680,86688,87696,88704,89712,90720,91728,92736,93744,94752,95760,96768,97776,98784,99792,100800,101808,102816,103824,104832,105840,106848,107856,108864,109872,110880,111888,112896,113904,114912,115920,116928,117936,118944,119952,120960,121968,122976,123984,124992,126000,127008,128016,129024,130032,131040,132048,133056
11,3,2,3/4,B,1080.0,2160,3240,4320,5400,6480,7560,8640,9720,10800,11880,12960,14040,15120,16200,17280,18360,19440,20520,21600,22680,23760,24840,25920,27000,28080,29160,30240,31320,32400,33480,34560,35640,36720,37800,38880,39960,41040,42120,43200,44280,45360,46440,47520,48600,49680,50760,51840,52920,54000,55080,56160,57240,58320,59400,60480,61560,62640,63720,64800,65880,66960,68040,69120,70200,71280,72360,73440,74520,75600,76680,77760,78840,79920,81000,82080,83160,84240,85320,86400,87480,88560,89640,90720,91800,92880,93960,95040,96120,97200,98280,99360,100440,101520,102600,103680,104760,105840,106920,108000,109080,110160,111240,112320,113400,114480,115560,116640,117720,118800,119880,120960,122040,123120,124200,125280,126360,127440,128520,129600,130680,131760,132840,133920,135000,136080,137160,138240,139320,140400,141480,142560
10,3,2,3/4,C,1104.0,2208,3312,4416,5520,6624,7728,8832,9936,11040,12144,13248,14352,15456,16560,17664,18768,19872,20976,22080,23184,24288,25392,26496,27600,28704,29808,30912,32016,33120,34224,35328,36432,37536,38640,39744,40848,41952,43056,44160,45264,46368,47472,48576,49680,50784,51888,52992,54096,55200,56304,57408,58512,59616,60720,61824,62928,64032,65136,66240,67344,68448,69552,70656,71760,72864,73968,75072,76176,77280,78384,79488,80592,81696,82800,83904,85008,86112,87216,88320,89424,90528,91632,92736,93840,94944,96048,97152,98256,99360,100464,101568,102672,103776,104880,105984,107088,108192,109296,110400,111504,112608,113712,114816,115920,117024,118128,119232,120336,121440,122544,123648,124752,125856,126960,128064,129168,130272,131376,132480,133584,134688,135792,136896,138000,139104,140208,141312,142416,143520,144624,145728
12,4,2,5/6,A,1120.0,2240,3360,4480,5600,6720,7840,8960,10080,11200,12320,13440,14560,15680,16800,17920,19040,20160,21280,22400,23520,24640,25760,26880,28000,29120,30240,31360,32480,33600,34720,35840,36960,38080,39200,40320,41440,42560,43680,44800,45920,47040,48160,49280,50400,51520,52640,53760,54880,56000,57120,58240,59360,60480,61600,62720,63840,64960,66080,67200,68320,69440,70560,71680,72800,73920,75040,76160,77280,78400,79520,80640,81760,82880,84000,85120,86240,87360,88480,89600,90720,91840,92960,94080,95200,96320,97440,98560,99680,100800,101920,103040,104160,105280,106400,107520,108640,109760,110880,112000,113120,114240,115360,116480,117600,118720,119840,120960,122080,123200,124320,125440,126560,127680,128800,129920,131040,132160,133280,134400,135520,136640,137760,138880,140000,141120,142240,143360,144480,145600,146720,147840
14,4,2,5/6,B,1200.0,2400,3600,4800,6000,7200,8400,9600,10800,12000,13200,14400,15600,16800,18000,19200,20400,21600,22800,24000,25200,26400,27600,28800,30000,31200,32400,33600,34800,36000,37200,38400,39600,40800,42000,43200,44400,45600,46800,48000,49200,50400,51600,52800,54000,55200,56400,57600,58800,60000,61200,62400,63600,64800,66000,67200,68400,69600,70800,72000,73200,74400,75600,76800,78000,79200,80400,81600,82800,84000,85200,86400,87600,88800,90000,91200,92400,93600,94800,96000,97200,98400,99600,100800,102000,103200,104400,105600,106800,108000,109200,110400,111600,112800,114000,115200,116400,117600,118800,120000,121200,122400,123600,124800,126000,127200,128400,129600,130800,132000,133200,134400,135600,136800,138000,139200,140400,141600,142800,144000,145200,146400,147600,148800,150000,151200,152400,153600,154800,156000,157200,158400
13,4,2,5/6,C,1226.0,2452,3678,4904,6130,7356,8582,9808,11034,12260,13486,14712,15938,17164,18390,19616,20842,22068,23294,24520,25746,26972,28198,29424,30650,31876,33102,34328,35554,36780,38006,39232,40458,41684,42910,44136,45362,46588,47814,49040,50266,51492,52718,53944,55170,56396,57622,58848,60074,61300,62526,63752,64978,66204,67430,68656,69882,71108,72334,73560,74786,76012,77238,78464,79690,80916,82142,83368,84594,85820,87046,88272,89498,90724,91950,93176,94402,95628,96854,98080,99306,100532,101758,102984,104210,105436,106662,107888,109114,110340,111566,112792,114018,115244,116470,117696,118922,120148,121374,122600,123826,125052,126278,127504,128730,129956,131182,132408,133634,134860,136086,137312,138538,139764,140990,142216,143442,144668,145894,147120,148346,149572,150798,152024,153250,154476,155702,156928,158154,159380,160606,161832
15,5,4,1/2,A,1344.0,2688,4032,5376,6720,8064,9408,10752,12096,13440,14784,16128,17472,18816,20160,21504,22848,24192,25536,26880,28224,29568,30912,32256,33600,34944,36288,37632,38976,40320,41664,43008,44352,45696,47040,48384,49728,51072,52416,53760,55104,56448,57792,59136,60480,61824,63168,64512,65856,67200,68544,69888,71232,72576,73920,75264,76608,77952,79296,80640,81984,83328,84672,86016,87360,88704,90048,91392,92736,94080,95424,96768,98112,99456,100800,102144,103488,104832,106176,107520,108864,110208,111552,112896,114240,115584,116928,118272,119616,120960,122304,123648,124992,126336,127680,129024,130368,131712,133056,134400,135744,137088,138432,139776,141120,142464,143808,145152,146496,147840,149184,150528,151872,153216,154560,155904,157248,158592,159936,161280,162624,163968,165312,166656,168000,169344,170688,172032,173376,174720,176064,177408
17,5,4,1/2,B,1440.0,2880,4320,5760,7200,8640,10080,11520,12960,14400,15840,17280,18720,20160,21600,23040,24480,25920,27360,28800,30240,31680,33120,34560,36000,37440,38880,40320,41760,43200,44640,46080,47520,48960,50400,51840,53280,54720,56160,57600,59040,60480,61920,63360,64800,66240,67680,69120,70560,72000,73440,74880,76320,77760,79200,80640,82080,83520,84960,86400,87840,89280,90720,92160,93600,95040,96480,97920,99360,100800,102240,103680,105120,106560,108000,109440,110880,112320,113760,115200,116640,118080,119520,120960,122400,123840,125280,126720,128160,129600,131040,132480,133920,135360,136800,138240,139680,141120,142560,144000,145440,146880,148320,149760,151200,152640,154080,155520,156960,158400,159840,161280,162720,164160,165600,167040,168480,169920,171360,172800,174240,175680,177120,178560,180000,181440,182880,184320,185760,187200,188640,190080
16,5,4,1/2,C,1472.0,2944,4416,5888,7360,8832,10304,11776,13248,14720,16192,17664,19136,20608,22080,23552,25024,26496,27968,29440,30912,32384,33856,35328,36800,38272,39744,41216,42688,44160,45632,47104,48576,50048,51520,52992,54464,55936,57408,58880,60352,61824,63296,64768,66240,67712,69184,70656,72128,73600,75072,76544,78016,79488,80960,82432,83904,85376,86848,88320,89792,91264,92736,94208,95680,97152,98624,100096,101568,103040,104512,105984,107456,108928,110400,111872,113344,114816,116288,117760,119232,120704,122176,123648,125120,126592,128064,129536,131008,132480,133952,135424,136896,138368,139840,141312,142784,144256,145728,147200,148672,150144,151616,153088,154560,156032,157504,158976,160448,161920,163392,164864,166336,167808,169280,170752,172224,173696,175168,176640,178112,179584,181056,182528,184000,185472,186944,188416,189888,191360,192832,194304
18,6,4,2/3,A,1792.0,3584,5376,7168,8960,10752,12544,14336,16128,17920,19712,21504,23296,25088,26880,28672,30464,32256,34048,35840,37632,39424,41216,43008,44800,46592,48384,50176,51968,53760,55552,57344,59136,60928,62720,64512,66304,68096,69888,71680,73472,75264,77056,78848,80640,82432,84224,86016,87808,89600,91392,93184,94976,96768,98560,100352,102144,103936,105728,107520,109312,111104,112896,114688,116480,118272,120064,121856,123648,125440,127232,129024,130816,132608,134400,136192,137984,139776,141568,143360,145152,146944,148736,150528,152320,154112,155904,157696,159488,161280,163072,164864,166656,168448,170240,172032,173824,175616,177408,179200,180992,182784,184576,186368,188160,189952,191744,193536,195328,197120,198912,200704,202496,204288,206080,207872,209664,211456,213248,215040,216832,218624,220416,222208,224000,225792,227584,229376,231168,232960,234752,236544
20,6,4,2/3,B,1920.0,3840,5760,7680,9600,11520,13440,15360,17280,19200,21120,23040,24960,26880,28800,30720,32640,34560,36480,38400,40320,42240,44160,46080,48000,49920,51840,53760,55680,57600,59520,61440,63360,65280,67200,69120,71040,72960,74880,76800,78720,80640,82560,84480,86400,88320,90240,92160,94080,96000,97920,99840,101760,103680,105600,107520,109440,111360,113280,115200,117120,119040,120960,122880,124800,126720,128640,130560,132480,134400,136320,138240,140160,142080,144000,145920,147840,149760,151680,153600,155520,157440,159360,161280,163200,165120,167040,168960,170880,172800,174720,176640,178560,180480,182400,184320,186240,188160,190080,192000,193920,195840,197760,199680,201600,203520,205440,207360,209280,211200,213120,215040,216960,218880,220800,222720,224640,226560,228480,230400,232320,234240,236160,238080,240000,241920,243840,245760,247680,249600,251520,253440
19,6,4,2/3,C,1962.0,3924,5886,7848,9810,11772,13734,15696,17658,19620,21582,23544,25506,27468,29430,31392,33354,35316,37278,39240,41202,43164,45126,47088,49050,51012,52974,54936,56898,58860,60822,62784,64746,66708,68670,70632,72594,74556,76518,78480,80442,82404,84366,86328,88290,90252,92214,94176,96138,98100,100062,102024,103986,105948,107910,109872,111834,113796,115758,117720,119682,121644,123606,125568,127530,129492,131454,133416,135378,137340,139302,141264,143226,145188,147150,149112,151074,153036,154998,156960,158922,160884,162846,164808,166770,168732,170694,172656,174618,176580,178542,180504,182466,184428,186390,188352,190314,192276,194238,196200,198162,200124,202086,204048,206010,207972,209934,211896,213858,215820,217782,219744,221706,223668,225630,227592,229554,231516,233478,235440,237402,239364,241326,243288,245250,247212,249174,251136,253098,255060,257022,258984
21,7,4,3/4,A,2016.0,4032,6048,8064,10080,12096,14112,16128,18144,20160,22176,24192,26208,28224,30240,32256,34272,36288,38304,40320,42336,44352,46368,48384,50400,52416,54432,56448,58464,60480,62496,64512,66528,68544,70560,72576,74592,76608,78624,80640,82656,84672,86688,88704,90720,92736,94752,96768,98784,100800,102816,104832,106848,108864,110880,112896,114912,116928,118944,120960,122976,124992,127008,129024,131040,133056,135072,137088,139104,141120,143136,145152,147168,149184,151200,153216,155232,157248,159264,161280,163296,165312,167328,169344,171360,173376,175392,177408,179424,181440,183456,185472,187488,189504,191520,193536,195552,197568,199584,201600,203616,205632,207648,209664,211680,213696,215712,217728,219744,221760,223776,225792,227808,229824,231840,233856,235872,237888,239904,241920,243936,245952,247968,249984,252000,254016,256032,258048,260064,262080,264096,266112
23,7,4,3/4,B,2160.0,4320,6480,8640,10800,12960,15120,17280,19440,21600,23760,25920,28080,30240,32400,34560,36720,38880,41040,43200,45360,47520,49680,51840,54000,56160,58320,60480,62640,64800,66960,69120,71280,73440,75600,77760,79920,82080,84240,86400,88560,90720,92880,95040,97200,99360,101520,103680,105840,108000,110160,112320,114480,116640,118800,120960,123120,125280,127440,129600,131760,133920,136080,138240,140400,142560,144720,146880,149040,151200,153360,155520,157680,159840,162000,164160,166320,168480,170640,172800,174960,177120,179280,181440,183600,185760,187920,190080,192240,194400,196560,198720,200880,203040,205200,207360,209520,211680,213840,216000,218160,220320,222480,224640,226800,228960,231120,233280,235440,237600,239760,241920,244080,246240,248400,250560,252720,254880,257040,259200,261360,263520,265680,267840,270000,272160,274320,276480,278640,280800,282960,285120
22,7,4,3/4,C,2208.0,4416,6624,8832,11040,13248,15456,17664,19872,22080,24288,26496,28704,30912,33120,35328,37536,39744,41952,44160,46368,48576,50784,52992,55200,57408,59616,61824,64032,66240,68448,70656,72864,75072,77280,79488,81696,83904,86112,88320,90528,92736,94944,97152,99360,101568,103776,105984,108192,110400,112608,114816,117024,119232,121440,123648,125856,128064,130272,132480,134688,136896,139104,141312,143520,145728,147936,150144,152352,154560,156768,158976,161184,163392,165600,167808,170016,172224,174432,176640,178848,181056,183264,185472,187680,189888,192096,194304,196512,198720,200928,203136,205344,207552,209760,211968,214176,216384,218592,220800,223008,225216,227424,229632,231840,234048,236256,238464,240672,242880,245088,247296,249504,251712,253920,256128,258336,260544,262752,264960,267168,269376,271584,273792,276000,278208,280416,282624,284832,287040,289248,291456
24,8,4,5/6,A,2240.0,4480,6720,8960,11200,13440,15680,17920,20160,22400,24640,26880,29120,31360,33600,35840,38080,40320,42560,44800,47040,49280,51520,53760,56000,58240,60480,62720,64960,67200,69440,71680,73920,76160,78400,80640,82880,85120,87360,89600,91840,94080,96320,98560,100800,103040,105280,107520,109760,112000,114240,116480,118720,120960,123200,125440,127680,129920,132160,134400,136640,138880,141120,143360,145600,147840,150080,152320,154560,156800,159040,161280,163520,165760,168000,170240,172480,174720,176960,179200,181440,183680,185920,188160,190400,192640,194880,197120,199360,201600,203840,206080,208320,210560,212800,215040,217280,219520,221760,224000,226240,228480,230720,232960,235200,237440,239680,241920,244160,246400,248640,250880,253120,255360,257600,259840,262080,264320,266560,268800,271040,273280,275520,277760,280000,282240,284480,286720,288960,291200,293440,295680
26,9,4,7/8,B,2352.0,4704,7056,9408,11760,14112,16464,18816,21168,23520,25872,28224,30576,32928,35280,37632,39984,42336,44688,47040,49392,51744,54096,56448,58800,61152,63504,65856,68208,70560,72912,75264,77616,79968,82320,84672,87024,89376,91728,94080,96432,98784,101136,103488,105840,108192,110544,112896,115248,117600,119952,122304,124656,127008,129360,131712,134064,136416,138768,141120,143472,145824,148176,150528,152880,155232,157584,159936,162288,164640,166992,169344,171696,174048,176400,178752,181104,183456,185808,188160,190512,192864,195216,197568,199920,202272,204624,206976,209328,211680,214032,216384,218736,221088,223440,225792,228144,230496,232848,235200,237552,239904,242256,244608,246960,249312,251664,254016,256368,258720,261072,263424,265776,268128,270480,272832,275184,277536,279888,282240,284592,286944,289296,291648,294000,296352,298704,301056,303408,305760,308112,310464
27,8,4,5/6,C,2400.0,4800,7200,9600,12000,14400,16800,19200,21600,24000,26400,28800,31200,33600,36000,38400,40800,43200,45600,48000,50400,52800,55200,57600,60000,62400,64800,67200,69600,72000,74400,76800,79200,81600,84000,86400,88800,91200,93600,96000,98400,100800,103200,105600,108000,110400,112800,115200,117600,120000,122400,124800,127200,129600,132000,134400,136800,139200,141600,144000,146400,148800,151200,153600,156000,158400,160800,163200,165600,168000,170400,172800,175200,177600,180000,182400,184800,187200,189600,192000,194400,196800,199200,201600,204000,206400,208800,211200,213600,216000,218400,220800,223200,225600,228000,230400,232800,235200,237600,240000,242400,244800,247200,249600,252000,254400,256800,259200,261600,264000,266400,268800,271200,273600,276000,278400,280800,283200,285600,288000,290400,292800,295200,297600,300000,302400,304800,307200,309600,312000,314400,316800
25,8,4,5/6,A,2453.0,4906,7359,9812,12265,14718,17171,19624,22077,24530,26983,29436,31889,34342,36795,39248,41701,44154,46607,49060,51513,53966,56419,58872,61325,63778,66231,68684,71137,73590,76043,78496,80949,83402,85855,88308,90761,93214,95667,98120,100573,103026,105479,107932,110385,112838,115291,117744,120197,122650,125103,127556,130009,132462,134915,137368,139821,142274,144727,147180,149633,152086,154539,156992,159445,161898,164351,166804,169257,171710,174163,176616,179069,181522,183975,186428,188881,191334,193787,196240,198693,201146,203599,206052,208505,210958,213411,215864,218317,220770,223223,225676,228129,230582,233035,235488,237941,240394,242847,245300,247753,250206,252659,255112,257565,260018,262471,264924,267377,269830,272283,274736,277189,279642,282095,284548,287001,289454,291907,294360,296813,299266,301719,304172,306625,309078,311531,313984,316437,318890,321343,323796
29,9,4,7/8,B,2520.0,5040,7560,10080,12600,15120,17640,20160,22680,25200,27720,30240,32760,35280,37800,40320,42840,45360,47880,50400,52920,55440,57960,60480,63000,65520,68040,70560,73080,75600,78120,80640,83160,85680,88200,90720,93240,95760,98280,100800,103320,105840,108360,110880,113400,115920,118440,120960,123480,126000,128520,131040,133560,136080,138600,141120,143640,146160,148680,151200,153720,156240,158760,161280,163800,166320,168840,171360,173880,176400,178920,181440,183960,186480,189000,191520,194040,196560,199080,201600,204120,206640,209160,211680,214200,216720,219240,221760,224280,226800,229320,231840,234360,236880,239400,241920,244440,246960,249480,252000,254520,257040,259560,262080,264600,267120,269640,272160,274680,277200,279720,282240,284760,287280,289800,292320,294840,297360,299880,302400,304920,307440,309960,312480,315000,317520,320040,322560,325080,327600,330120,332640
28,9,4,7/8,C,2576.0,5152,7728,10304,12880,15456,18032,20608,23184,25760,28336,30912,33488,36064,38640,41216,43792,46368,48944,51520,54096,56672,59248,61824,64400,66976,69552,72128,74704,77280,79856,82432,85008,87584,90160,92736,95312,97888,100464,103040,105616,108192,110768,113344,115920,118496,121072,123648,126224,128800,131376,133952,136528,139104,141680,144256,146832,149408,151984,154560,157136,159712,162288,164864,167440,170016,172592,175168,177744,180320,182896,185472,188048,190624,193200,195776,198352,200928,203504,206080,208656,211232,213808,216384,218960,221536,224112,226688,229264,231840,234416,236992,239568,242144,244720,247296,249872,252448,255024,257600,260176,262752,265328,267904,270480,273056,275632,278208,280784,283360,285936,288512,291088,293664,296240,298816,301392,303968,306544,309120,311696,314272,316848,319424,322000,324576,327152,329728,332304,334880,337456,340032
30,10,6,2/3,A,2688.0,5376,8064,10752,13440,16128,18816,21504,24192,26880,29568,32256,34944,37632,40320,43008,45696,48384,51072,53760,56448,59136,61824,64512,67200,69888,72576,75264,77952,80640,83328,86016,88704,91392,94080,96768,99456,102144,104832,107520,110208,112896,115584,118272,120960,123648,126336,129024,131712,134400,137088,139776,142464,145152,147840,150528,153216,155904,158592,161280,163968,166656,169344,172032,174720,177408,180096,182784,185472,188160,190848,193536,196224,198912,201600,204288,206976,209664,212352,215040,217728,220416,223104,225792,228480,231168,233856,236544,239232,241920,244608,247296,249984,252672,255360,258048,260736,263424,266112,268800,271488,274176,276864,279552,282240,284928,287616,290304,292992,295680,298368,301056,303744,306432,309120,311808,314496,317184,319872,322560,325248,327936,330624,333312,336000,338688,341376,344064,346752,349440,352128,354816
32,10,6,2/3,B,2880.0,5760,8640,11520,14400,17280,20160,23040,25920,28800,31680,34560,37440,40320,43200,46080,48960,51840,54720,57600,60480,63360,66240,69120,72000,74880,77760,80640,83520,86400,89280,92160,95040,97920,100800,103680,106560,109440,112320,115200,118080,120960,123840,126720,129600,132480,135360,138240,141120,144000,146880,149760,152640,155520,158400,161280,164160,167040,169920,172800,175680,178560,181440,184320,187200,190080,192960,195840,198720,201600,204480,207360,210240,213120,216000,218880,221760,224640,227520,230400,233280,236160,239040,241920,244800,247680,250560,253440,256320,259200,262080,264960,267840,270720,273600,276480,279360,282240,285120,288000,290880,293760,296640,299520,302400,305280,308160,311040,313920,316800,319680,322560,325440,328320,331200,334080,336960,339840,342720,345600,348480,351360,354240,357120,360000,362880,365760,368640,371520,374400,377280,380160
31,10,6,2/3,C,2944.0,5888,8832,11776,14720,17664,20608,23552,26496,29440,32384,35328,38272,41216,44160,47104,50048,52992,55936,58880,61824,64768,67712,70656,73600,76544,79488,82432,85376,88320,91264,94208,97152,100096,103040,105984,108928,111872,114816,117760,120704,123648,126592,129536,132480,135424,138368,141312,144256,147200,150144,153088,156032,158976,161920,164864,167808,170752,173696,176640,179584,182528,185472,188416,191360,194304,197248,200192,203136,206080,209024,211968,214912,217856,220800,223744,226688,229632,232576,235520,238464,241408,244352,247296,250240,253184,256128,259072,262016,264960,267904,270848,273792,276736,279680,282624,285568,288512,291456,294400,297344,300288,303232,306176,309120,312064,315008,317952,320896,323840,326784,329728,332672,335616,338560,341504,344448,347392,350336,353280,356224,359168,362112,365056,368000,370944,373888,376832,379776,382720,385664,388608
33,11,6,3/4,A,3024.0,6048,9072,12096,15120,18144,21168,24192,27216,30240,33264,36288,39312,42336,45360,48384,51408,54432,57456,60480,63504,66528,69552,72576,75600,78624,81648,84672,87696,90720,93744,96768,99792,102816,105840,108864,111888,114912,117936,120960,123984,127008,130032,133056,136080,139104,142128,145152,148176,151200,154224,157248,160272,163296,166320,169344,172368,175392,178416,181440,184464,187488,190512,193536,196560,199584,202608,205632,208656,211680,214704,217728,220752,223776,226800,229824,232848,235872,238896,241920,244944,247968,250992,254016,257040,260064,263088,266112,269136,272160,275184,278208,281232,284256,287280,290304,293328,296352,299376,302400,305424,308448,311472,314496,317520,320544,323568,326592,329616,332640,335664,338688,341712,344736,347760,350784,353808,356832,359856,362880,365904,368928,371952,374976,378000,381024,384048,387072,390096,393120,396144,399168
35,11,6,3/4,B,3240.0,6480,9720,12960,16200,19440,22680,25920,29160,32400,35640,38880,42120,45360,48600,51840,55080,58320,61560,64800,68040,71280,74520,77760,81000,84240,87480,90720,93960,97200,100440,103680,106920,110160,113400,116640,119880,123120,126360,129600,132840,136080,139320,142560,145800,149040,152280,155520,158760,162000,165240,168480,171720,174960,178200,181440,184680,187920,191160,194400,197640,200880,204120,207360,210600,213840,217080,220320,223560,226800,230040,233280,236520,239760,243000,246240,249480,252720,255960,259200,262440,265680,268920,272160,275400,278640,281880,285120,288360,291600,294840,298080,301320,304560,307800,311040,314280,317520,320760,324000,327240,330480,333720,336960,340200,343440,346680,349920,353160,356400,359640,362880,366120,369360,372600,375840,379080,382320,385560,388800,392040,395280,398520,401760,405000,408240,411480,414720,417960,421200,424440,427680
34,11,6,3/4,C,3312.0,6624,9936,13248,16560,19872,23184,26496,29808,33120,36432,39744,43056,46368,49680,52992,56304,59616,62928,66240,69552,72864,76176,79488,82800,86112,89424,92736,96048,99360,102672,105984,109296,112608,115920,119232,122544,125856,129168,132480,135792,139104,142416,145728,149040,152352,155664,158976,162288,165600,168912,172224,175536,178848,182160,185472,188784,192096,195408,198720,202032,205344,208656,211968,215280,218592,221904,225216,228528,231840,235152,238464,241776,245088,248400,251712,255024,258336,261648,264960,268272,271584,274896,278208,281520,284832,288144,291456,294768,298080,301392,304704,308016,311328,314640,317952,321264,324576,327888,331200,334512,337824,341136,344448,347760,351072,354384,357696,361008,364320,367632,370944,374256,377568,380880,384192,387504,390816,394128,397440,400752,404064,407376,410688,414000,417312,420624,423936,427248,430560,433872,437184
36,12,6,5/6,A,3360.0,6720,10080,13440,16800,20160,23520,26880,30240,33600,36960,40320,43680,47040,50400,53760,57120,60480,63840,67200,70560,73920,77280,80640,84000,87360,90720,94080,97440,100800,104160,107520,110880,114240,117600,120960,124320,127680,131040,134400,137760,141120,144480,147840,151200,154560,157920,161280,164640,168000,171360,174720,178080,181440,184800,188160,191520,194880,198240,201600,204960,208320,211680,215040,218400,221760,225120,228480,231840,235200,238560,241920,245280,248640,252000,255360,258720,262080,265440,268800,272160,275520,278880,282240,285600,288960,292320,295680,299040,302400,305760,309120,312480,315840,319200,322560,325920,329280,332640,336000,339360,342720,346080,349440,352800,356160,359520,362880,366240,369600,372960,376320,379680,383040,386400,389760,393120,396480,399840,403200,406560,409920,413280,416640,420000,423360,426720,430080,433440,436800,440160,443520
38,13,8,2/3,B,3584.0,7168,10752,14336,17920,21504,25088,28672,32256,35840,39424,43008,46592,50176,53760,57344,60928,64512,68096,71680,75264,78848,82432,86016,89600,93184,96768,100352,103936,107520,111104,114688,118272,121856,125440,129024,132608,136192,139776,143360,146944,150528,154112,157696,161280,164864,168448,172032,175616,179200,182784,186368,189952,193536,197120,200704,204288,207872,211456,215040,218624,222208,225792,229376,232960,236544,240128,243712,247296,250880,254464,258048,261632,265216,268800,272384,275968,279552,283136,286720,290304,293888,297472,301056,304640,308224,311808,315392,318976,322560,326144,329728,333312,336896,340480,344064,347648,351232,354816,358400,361984,365568,369152,372736,376320,379904,383488,387072,390656,394240,397824,401408,404992,408576,412160,415744,419328,422912,426496,430080,433664,437248,440832,444416,448000,451584,455168,458752,462336,465920,469504,473088
39,12,6,5/6,C,3600.0,7200,10800,14400,18000,21600,25200,28800,32400,36000,39600,43200,46800,50400,54000,57600,61200,64800,68400,72000,75600,79200,82800,86400,90000,93600,97200,100800,104400,108000,111600,115200,118800,122400,126000,129600,133200,136800,140400,144000,147600,151200,154800,158400,162000,165600,169200,172800,176400,180000,183600,187200,190800,194400,198000,201600,205200,208800,212400,216000,219600,223200,226800,230400,234000,237600,241200,244800,248400,252000,255600,259200,262800,266400,270000,273600,277200,280800,284400,288000,291600,295200,298800,302400,306000,309600,313200,316800,320400,324000,327600,331200,334800,338400,342000,345600,349200,352800,356400,360000,363600,367200,370800,374400,378000,381600,385200,388800,392400,396000,399600,403200,406800,410400,414000,417600,421200,424800,428400,432000,435600,439200,442800,446400,450000,453600,457200,460800,464400,468000,471600,475200
37,12,6,5/6,A,3680.0,7360,11040,14720,18400,22080,25760,29440,33120,36800,40480,44160,47840,51520,55200,58880,62560,66240,69920,73600,77280,80960,84640,88320,92000,95680,99360,103040,106720,110400,114080,117760,121440,125120,128800,132480,136160,139840,143520,147200,150880,154560,158240,161920,165600,169280,172960,176640,180320,184000,187680,191360,195040,198720,202400,206080,209760,213440,217120,220800,224480,228160,231840,235520,239200,242880,246560,250240,253920,257600,261280,264960,268640,272320,276000,279680,283360,287040,290720,294400,298080,301760,305440,309120,312800,316480,320160,323840,327520,331200,334880,338560,342240,345920,349600,353280,356960,360640,364320,368000,371680,375360,379040,382720,386400,390080,393760,397440,401120,404800,408480,412160,415840,419520,423200,426880,430560,434240,437920,441600,445280,448960,452640,456320,460000,463680,467360,471040,474720,478400,482080,485760
41,13,8,2/3,B,3840.0,7680,11520,15360,19200,23040,26880,30720,34560,38400,42240,46080,49920,53760,57600,61440,65280,69120,72960,76800,80640,84480,88320,92160,96000,99840,103680,107520,111360,115200,119040,122880,126720,130560,134400,138240,142080,145920,149760,153600,157440,161280,165120,168960,172800,176640,180480,184320,188160,192000,195840,199680,203520,207360,211200,215040,218880,222720,226560,230400,234240,238080,241920,245760,249600,253440,257280,261120,264960,268800,272640,276480,280320,284160,288000,291840,295680,299520,303360,307200,311040,314880,318720,322560,326400,330240,334080,337920,341760,345600,349440,353280,357120,360960,364800,368640,372480,376320,380160,384000,387840,391680,395520,399360,403200,407040,410880,414720,418560,422400,426240,430080,433920,437760,441600,445440,449280,453120,456960,460800,464640,468480,472320,476160,480000,483840,487680,491520,495360,499200,503040,506880
40,13,8,2/3,C,3925.0,7850,11775,15700,19625,23550,27475,31400,35325,39250,43175,47100,51025,54950,58875,62800,66725,70650,74575,78500,82425,86350,90275,94200,98125,102050,105975,109900,113825,117750,121675,125600,129525,133450,137375,141300,145225,149150,153075,157000,160925,164850,168775,172700,176625,180550,184475,188400,192325,196250,200175,204100,208025,211950,215875,219800,223725,227650,231575,235500,239425,243350,247275,251200,255125,259050,262975,266900,270825,274750,278675,282600,286525,290450,294375,298300,302225,306150,310075,314000,317925,321850,325775,329700,333625,337550,341475,345400,349325,353250,357175,361100,365025,368950,372875,376800,380725,384650,388575,392500,396425,400350,404275,408200,412125,416050,419975,423900,427825,431750,435675,439600,443525,447450,451375,455300,459225,463150,467075,471000,474925,478850,482775,486700,490625,494550,498475,502400,506325,510250,514175,518100
42,14,8,3/4,A,4032.0,8064,12096,16128,20160,24192,28224,32256,36288,40320,44352,48384,52416,56448,60480,64512,68544,72576,76608,80640,84672,88704,92736,96768,100800,104832,108864,112896,116928,120960,124992,129024,133056,137088,141120,145152,149184,153216,157248,161280,165312,169344,173376,177408,181440,185472,189504,193536,197568,201600,205632,209664,213696,217728,221760,225792,229824,233856,237888,241920,245952,249984,254016,258048,262080,266112,270144,274176,278208,282240,286272,290304,294336,298368,302400,306432,310464,314496,318528,322560,326592,330624,334656,338688,342720,346752,350784,354816,358848,362880,366912,370944,374976,379008,383040,387072,391104,395136,399168,403200,407232,411264,415296,419328,423360,427392,431424,435456,439488,443520,447552,451584,455616,459648,463680,467712,471744,475776,479808,483840,487872,491904,495936,499968,504000,508032,512064,516096,520128,524160,528192,532224
44,14,8,3/4,B,4320.0,8640,12960,17280,21600,25920,30240,34560,38880,43200,47520,51840,56160,60480,64800,69120,73440,77760,82080,86400,90720,95040,99360,103680,108000,112320,116640,120960,125280,129600,133920,138240,142560,146880,151200,155520,159840,164160,168480,172800,177120,181440,185760,190080,194400,198720,203040,207360,211680,216000,220320,224640,228960,233280,237600,241920,246240,250560,254880,259200,263520,267840,272160,276480,280800,285120,289440,293760,298080,302400,306720,311040,315360,319680,324000,328320,332640,336960,341280,345600,349920,354240,358560,362880,367200,371520,375840,380160,384480,388800,393120,397440,401760,406080,410400,414720,419040,423360,427680,432000,436320,440640,444960,449280,453600,457920,462240,466560,470880,475200,479520,483840,488160,492480,496800,501120,505440,509760,514080,518400,522720,527040,531360,535680,540000,544320,548640,552960,557280,561600,565920,570240
43,14,8,3/4,C,4416.0,8832,13248,17664,22080,26496,30912,35328,39744,44160,48576,52992,57408,61824,66240,70656,75072,79488,83904,88320,92736,97152,101568,105984,110400,114816,119232,123648,128064,132480,136896,141312,145728,150144,154560,158976,163392,167808,172224,176640,181056,185472,189888,194304,198720,203136,207552,211968,216384,220800,225216,229632,234048,238464,242880,247296,251712,256128,260544,264960,269376,273792,278208,282624,287040,291456,295872,300288,304704,309120,313536,317952,322368,326784,331200,335616,340032,344448,348864,353280,357696,362112,366528,370944,375360,379776,384192,388608,393024,397440,401856,406272,410688,415104,419520,423936,428352,432768,437184,441600,446016,450432,454848,459264,463680,468096,472512,476928,481344,485760,490176,494592,499008,503424,507840,512256,516672,521088,525504,529920,534336,538752,543168,547584,552000,556416,560832,565248,569664,574080,578496,582912
45,15,8,5/6,A,4480.0,8960,13440,17920,22400,26880,31360,35840,40320,44800,49280,53760,58240,62720,67200,71680,76160,80640,85120,89600,94080,98560,103040,107520,112000,116480,120960,125440,129920,134400,138880,143360,147840,152320,156800,161280,165760,170240,174720,179200,183680,188160,192640,197120,201600,206080,210560,215040,219520,224000,228480,232960,237440,241920,246400,250880,255360,259840,264320,268800,273280,277760,282240,286720,291200,295680,300160,304640,309120,313600,318080,322560,327040,331520,336000,340480,344960,349440,353920,358400,362880,367360,371840,376320,380800,385280,389760,394240,398720,403200,407680,412160,416640,421120,425600,430080,434560,439040,443520,448000,452480,456960,461440,465920,470400,474880,479360,483840,488320,492800,497280,501760,506240,510720,515200,519680,524160,528640,533120,537600,542080,546560,551040,555520,560000,564480,568960,573440,577920,582400,586880,591360
47,15,8,5/6,B,4800.0,9600,14400,19200,24000,28800,33600,38400,43200,48000,52800,57600,62400,67200,72000,76800,81600,86400,91200,96000,100800,105600,110400,115200,120000,124800,129600,134400,139200,144000,148800,153600,158400,163200,168000,172800,177600,182400,187200,192000,196800,201600,206400,211200,216000,220800,225600,230400,235200,240000,244800,249600,254400,259200,264000,268800,273600,278400,283200,288000,292800,297600,302400,307200,312000,316800,321600,326400,331200,336000,340800,345600,350400,355200,360000,364800,369600,374400,379200,384000,388800,393600,398400,403200,408000,412800,417600,422400,427200,432000,436800,441600,446400,451200,456000,460800,465600,470400,475200,480000,484800,489600,494400,499200,504000,508800,513600,518400,523200,528000,532800,537600,542400,547200,552000,556800,561600,566400,571200,576000,580800,585600,590400,595200,600000,604800,609600,614400,619200,624000,628800,633600
46,15,8,5/6,C,4906.0,9812,14718,19624,24530,29436,34342,39248,44154,49060,53966,58872,63778,68684,73590,78496,83402,88308,93214,98120,103026,107932,112838,117744,122650,127556,132462,137368,142274,147180,152086,156992,161898,166804,171710,176616,181522,186428,191334,196240,201146,206052,210958,215864,220770,225676,230582,235488,240394,245300,250206,255112,260018,264924,269830,274736,279642,284548,289454,294360,299266,304172,309078,313984,318890,323796,328702,333608,338514,343420,348326,353232,358138,363044,367950,372856,377762,382668,387574,392480,397386,402292,407198,412104,417010,421916,426822,431728,436634,441540,446446,451352,456258,461164,466070,470976,475882,480788,485694,490600,495506,500412,505318,510224,515130,520036,524942,529848,534754,539660,544566,549472,554378,559284,564190,569096,574002,578908,583814,588720,593626,598532,603438,608344,613250,618156,623062,627968,632874,637780,642686,647592
