Time (ns),IMSI,SrcCellId,RNTI,TrgtCellId,Type,
20214285,1,1,1,1,CONNECTION_ESTABLISHED_UE,
20214285,1,1,1,1,CONNECTION_ESTABLISHED_ENB,
24880001000,1,1,1,2,HANDOVER_TRIGGERED_ENB,
29130001000,1,1,1,2,HANDOVER_CANCELLED_RIC,
29130001000,1,1,1,2,HANDOVER_TRIGGERED_ENB,
29140001000,1,1,1,2,HANDOVER_CANCELLED_RIC,
29140001000,1,1,1,2,HANDOVER_TRIGGERED_ENB,
29150001000,1,1,1,2,HANDOVER_CANCELLED_RIC,
29150001000,1,1,1,2,HANDOVER_TRIGGERED_ENB,
29160001000,1,1,1,2,HANDOVER_CANCELLED_RIC,
29160001000,1,1,1,2,HANDOVER_TRIGGERED_ENB,
29170001000,1,1,1,2,HANDOVER_CANCELLED_RIC,
29170001000,1,1,1,2,HANDOVER_TRIGGERED_ENB,
29180001000,1,1,1,2,HANDOVER_CANCELLED_RIC,
29180001000,1,1,1,2,HANDOVER_TRIGGERED_ENB,
29190001000,1,1,1,2,HANDOVER_CANCELLED_RIC,
29190001000,1,1,1,2,HANDOVER_TRIGGERED_ENB,
29200001000,1,1,1,2,HANDOVER_CANCELLED_RIC,
29200001000,1,1,1,2,HANDOVER_TRIGGERED_ENB,
29210001000,1,1,1,2,HANDOVER_CANCELLED_RIC,
29210001000,1,1,1,2,HANDOVER_TRIGGERED_ENB,
29220001000,1,1,1,2,HANDOVER_CANCELLED_RIC,
29220001000,1,1,1,2,HANDOVER_TRIGGERED_ENB,
29230001000,1,1,1,2,HANDOVER_CANCELLED_RIC,
29230001000,1,1,1,2,HANDOVER_TRIGGERED_ENB,
29240001000,1,1,1,2,HANDOVER_CANCELLED_RIC,
29240001000,1,1,1,2,HANDOVER_TRIGGERED_ENB,
29250001000,1,1,1,2,HANDOVER_CANCELLED_RIC,
29250001000,1,1,1,2,HANDOVER_TRIGGERED_ENB,
29260001000,1,1,1,2,HANDOVER_CANCELLED_RIC,
29260001000,1,1,1,2,HANDOVER_TRIGGERED_ENB,
29270001000,1,1,1,2,HANDOVER_CANCELLED_RIC,
29270001000,1,1,1,2,HANDOVER_TRIGGERED_ENB,
29470001000,1,1,1,2,HANDOVER_TRIGGERED_ENB,
29470001161,1,1,1,2,HANDOVER_START_ENB,
29470001161,1,1,1,2,HANDOVER_START_UE,
29474214285,1,2,1,2,HANDOVER_OK_UE,
29474214484,1,2,1,2,HANDOVER_OK_ENB,
29480001000,18446744073709551615,1,1,2,HANDOVER_CANCELLED_RIC,
29480001000,18446744073709551615,1,1,2,HANDOVER_TRIGGERED_ENB,
29490001000,18446744073709551615,1,1,2,HANDOVER_CANCELLED_RIC,
29490001000,18446744073709551615,1,1,2,HANDOVER_TRIGGERED_ENB,
29500001000,18446744073709551615,1,1,2,HANDOVER_CANCELLED_RIC,
29500001000,18446744073709551615,1,1,2,HANDOVER_TRIGGERED_ENB,
29510001000,18446744073709551615,1,1,2,HANDOVER_CANCELLED_RIC,
99760001000,1,2,1,1,HANDOVER_TRIGGERED_ENB,
99770001000,1,2,1,1,HANDOVER_CANCELLED_RIC,
100000001000,1,2,1,1,HANDOVER_TRIGGERED_ENB,
100010001000,1,2,1,1,HANDOVER_CANCELLED_RIC,
100240001000,1,2,1,1,HANDOVER_TRIGGERED_ENB,
100250001000,1,2,1,1,HANDOVER_CANCELLED_RIC,
100480001000,1,2,1,1,HANDOVER_TRIGGERED_ENB,
100490001000,1,2,1,1,HANDOVER_CANCELLED_RIC,
100720001000,1,2,1,1,HANDOVER_TRIGGERED_ENB,
100730001000,1,2,1,1,HANDOVER_CANCELLED_RIC,
100960001000,1,2,1,1,HANDOVER_TRIGGERED_ENB,
100970001000,1,2,1,1,HANDOVER_CANCELLED_RIC,
101200001000,1,2,1,1,HANDOVER_TRIGGERED_ENB,
101210001000,1,2,1,1,HANDOVER_CANCELLED_RIC,
101440001000,1,2,1,1,HANDOVER_TRIGGERED_ENB,
101450001000,1,2,1,1,HANDOVER_CANCELLED_RIC,
101680001000,1,2,1,1,HANDOVER_TRIGGERED_ENB,
101690001000,1,2,1,1,HANDOVER_CANCELLED_RIC,
101920001000,1,2,1,1,HANDOVER_TRIGGERED_ENB,
101930001000,1,2,1,1,HANDOVER_CANCELLED_RIC,
102160001000,1,2,1,1,HANDOVER_TRIGGERED_ENB,
102170001000,1,2,1,1,HANDOVER_CANCELLED_RIC,
102400001000,1,2,1,1,HANDOVER_TRIGGERED_ENB,
102410001000,1,2,1,1,HANDOVER_CANCELLED_RIC,
102640001000,1,2,1,1,HANDOVER_TRIGGERED_ENB,
102650001000,1,2,1,1,HANDOVER_CANCELLED_RIC,
102880001000,1,2,1,1,HANDOVER_TRIGGERED_ENB,
102890001000,1,2,1,1,HANDOVER_CANCELLED_RIC,
103120001000,1,2,1,1,HANDOVER_TRIGGERED_ENB,
103130001000,1,2,1,1,HANDOVER_CANCELLED_RIC,
103360001000,1,2,1,1,HANDOVER_TRIGGERED_ENB,
103370001000,1,2,1,1,HANDOVER_CANCELLED_RIC,
103600001000,1,2,1,1,HANDOVER_TRIGGERED_ENB,
103610001000,1,2,1,1,HANDOVER_CANCELLED_RIC,
103840001000,1,2,1,1,HANDOVER_TRIGGERED_ENB,
103850001000,1,2,1,1,HANDOVER_CANCELLED_RIC,
104080001000,1,2,1,1,HANDOVER_TRIGGERED_ENB,
104090001000,1,2,1,1,HANDOVER_CANCELLED_RIC,
104320001000,1,2,1,1,HANDOVER_TRIGGERED_ENB,
104330001000,1,2,1,1,HANDOVER_CANCELLED_RIC,
104560001000,1,2,1,1,HANDOVER_TRIGGERED_ENB,
104570001000,1,2,1,1,HANDOVER_CANCELLED_RIC,
104800001000,1,2,1,1,HANDOVER_TRIGGERED_ENB,
104810001000,1,2,1,1,HANDOVER_CANCELLED_RIC,
105040001000,1,2,1,1,HANDOVER_TRIGGERED_ENB,
105050001000,1,2,1,1,HANDOVER_CANCELLED_RIC,
105280001000,1,2,1,1,HANDOVER_TRIGGERED_ENB,
105290001000,1,2,1,1,HANDOVER_CANCELLED_RIC,
105520001000,1,2,1,1,HANDOVER_TRIGGERED_ENB,
105530001000,1,2,1,1,HANDOVER_CANCELLED_RIC,
105760001000,1,2,1,1,HANDOVER_TRIGGERED_ENB,
105770001000,1,2,1,1,HANDOVER_CANCELLED_RIC,
106000001000,1,2,1,1,HANDOVER_TRIGGERED_ENB,
106010001000,1,2,1,1,HANDOVER_CANCELLED_RIC,
106240001000,1,2,1,1,HANDOVER_TRIGGERED_ENB,
106250001000,1,2,1,1,HANDOVER_CANCELLED_RIC,
106480001000,1,2,1,1,HANDOVER_TRIGGERED_ENB,
106490001000,1,2,1,1,HANDOVER_CANCELLED_RIC,
106720001000,1,2,1,1,HANDOVER_TRIGGERED_ENB,
106730001000,1,2,1,1,HANDOVER_CANCELLED_RIC,
106960001000,1,2,1,1,HANDOVER_TRIGGERED_ENB,
106970001000,1,2,1,1,HANDOVER_CANCELLED_RIC,
107200001000,1,2,1,1,HANDOVER_TRIGGERED_ENB,
107210001000,1,2,1,1,HANDOVER_CANCELLED_RIC,
107440001000,1,2,1,1,HANDOVER_TRIGGERED_ENB,
107450001000,1,2,1,1,HANDOVER_CANCELLED_RIC,
107680001000,1,2,1,1,HANDOVER_TRIGGERED_ENB,
107690001000,1,2,1,1,HANDOVER_CANCELLED_RIC,
107920001000,1,2,1,1,HANDOVER_TRIGGERED_ENB,
107930001000,1,2,1,1,HANDOVER_CANCELLED_RIC,
108160001000,1,2,1,1,HANDOVER_TRIGGERED_ENB,
108170001000,1,2,1,1,HANDOVER_CANCELLED_RIC,
108400001000,1,2,1,1,HANDOVER_TRIGGERED_ENB,
108410001000,1,2,1,1,HANDOVER_CANCELLED_RIC,
108640001000,1,2,1,1,HANDOVER_TRIGGERED_ENB,
108650001000,1,2,1,1,HANDOVER_CANCELLED_RIC,
108880001000,1,2,1,1,HANDOVER_TRIGGERED_ENB,
108890001000,1,2,1,1,HANDOVER_CANCELLED_RIC,
109120001000,1,2,1,1,HANDOVER_TRIGGERED_ENB,
109130001000,1,2,1,1,HANDOVER_CANCELLED_RIC,
109360001000,1,2,1,1,HANDOVER_TRIGGERED_ENB,
109370001000,1,2,1,1,HANDOVER_CANCELLED_RIC,
109600001000,1,2,1,1,HANDOVER_TRIGGERED_ENB,
109610001000,1,2,1,1,HANDOVER_CANCELLED_RIC,
109840001000,1,2,1,1,HANDOVER_TRIGGERED_ENB,
109850001000,1,2,1,1,HANDOVER_CANCELLED_RIC,
110080001000,1,2,1,1,HANDOVER_TRIGGERED_ENB,
110090001000,1,2,1,1,HANDOVER_CANCELLED_RIC,
110320001000,1,2,1,1,HANDOVER_TRIGGERED_ENB,
110330001000,1,2,1,1,HANDOVER_CANCELLED_RIC,
110560001000,1,2,1,1,HANDOVER_TRIGGERED_ENB,
110570001000,1,2,1,1,HANDOVER_CANCELLED_RIC,
110800001000,1,2,1,1,HANDOVER_TRIGGERED_ENB,
110810001000,1,2,1,1,HANDOVER_CANCELLED_RIC,
111040001000,1,2,1,1,HANDOVER_TRIGGERED_ENB,
111050001000,1,2,1,1,HANDOVER_CANCELLED_RIC,
111280001000,1,2,1,1,HANDOVER_TRIGGERED_ENB,
111290001000,1,2,1,1,HANDOVER_CANCELLED_RIC,
111520001000,1,2,1,1,HANDOVER_TRIGGERED_ENB,
111530001000,1,2,1,1,HANDOVER_CANCELLED_RIC,
111760001000,1,2,1,1,HANDOVER_TRIGGERED_ENB,
111770001000,1,2,1,1,HANDOVER_CANCELLED_RIC,
112000001000,1,2,1,1,HANDOVER_TRIGGERED_ENB,
112010001000,1,2,1,1,HANDOVER_CANCELLED_RIC,
112240001000,1,2,1,1,HANDOVER_TRIGGERED_ENB,
112250001000,1,2,1,1,HANDOVER_CANCELLED_RIC,
112480001000,1,2,1,1,HANDOVER_TRIGGERED_ENB,
112490001000,1,2,1,1,HANDOVER_CANCELLED_RIC,
112720001000,1,2,1,1,HANDOVER_TRIGGERED_ENB,
112730001000,1,2,1,1,HANDOVER_CANCELLED_RIC,
112960001000,1,2,1,1,HANDOVER_TRIGGERED_ENB,
112970001000,1,2,1,1,HANDOVER_CANCELLED_RIC,
113200001000,1,2,1,1,HANDOVER_TRIGGERED_ENB,
113210001000,1,2,1,1,HANDOVER_CANCELLED_RIC,
113440001000,1,2,1,1,HANDOVER_TRIGGERED_ENB,
113450001000,1,2,1,1,HANDOVER_CANCELLED_RIC,
113680001000,1,2,1,1,HANDOVER_TRIGGERED_ENB,
113690001000,1,2,1,1,HANDOVER_CANCELLED_RIC,
113920001000,1,2,1,1,HANDOVER_TRIGGERED_ENB,
113930001000,1,2,1,1,HANDOVER_CANCELLED_RIC,
114160001000,1,2,1,1,HANDOVER_TRIGGERED_ENB,
114170001000,1,2,1,1,HANDOVER_CANCELLED_RIC,
114400001000,1,2,1,1,HANDOVER_TRIGGERED_ENB,
114410001000,1,2,1,1,HANDOVER_CANCELLED_RIC,
114640001000,1,2,1,1,HANDOVER_TRIGGERED_ENB,
114650001000,1,2,1,1,HANDOVER_CANCELLED_RIC,
114880001000,1,2,1,1,HANDOVER_TRIGGERED_ENB,
114890001000,1,2,1,1,HANDOVER_CANCELLED_RIC,
115120001000,1,2,1,1,HANDOVER_TRIGGERED_ENB,
115130001000,1,2,1,1,HANDOVER_CANCELLED_RIC,
115360001000,1,2,1,1,HANDOVER_TRIGGERED_ENB,
115370001000,1,2,1,1,HANDOVER_CANCELLED_RIC,
115600001000,1,2,1,1,HANDOVER_TRIGGERED_ENB,
115610001000,1,2,1,1,HANDOVER_CANCELLED_RIC,
115840001000,1,2,1,1,HANDOVER_TRIGGERED_ENB,
115850001000,1,2,1,1,HANDOVER_CANCELLED_RIC,
116080001000,1,2,1,1,HANDOVER_TRIGGERED_ENB,
116090001000,1,2,1,1,HANDOVER_CANCELLED_RIC,
116320001000,1,2,1,1,HANDOVER_TRIGGERED_ENB,
116330001000,1,2,1,1,HANDOVER_CANCELLED_RIC,
116560001000,1,2,1,1,HANDOVER_TRIGGERED_ENB,
116570001000,1,2,1,1,HANDOVER_CANCELLED_RIC,
116800001000,1,2,1,1,HANDOVER_TRIGGERED_ENB,
116810001000,1,2,1,1,HANDOVER_CANCELLED_RIC,
117040001000,1,2,1,1,HANDOVER_TRIGGERED_ENB,
117050001000,1,2,1,1,HANDOVER_CANCELLED_RIC,
117280001000,1,2,1,1,HANDOVER_TRIGGERED_ENB,
117290001000,1,2,1,1,HANDOVER_CANCELLED_RIC,
117520001000,1,2,1,1,HANDOVER_TRIGGERED_ENB,
117530001000,1,2,1,1,HANDOVER_CANCELLED_RIC,
117760001000,1,2,1,1,HANDOVER_TRIGGERED_ENB,
117770001000,1,2,1,1,HANDOVER_CANCELLED_RIC,
118000001000,1,2,1,1,HANDOVER_TRIGGERED_ENB,
118010001000,1,2,1,1,HANDOVER_CANCELLED_RIC,
118240001000,1,2,1,1,HANDOVER_TRIGGERED_ENB,
118250001000,1,2,1,1,HANDOVER_CANCELLED_RIC,
118480001000,1,2,1,1,HANDOVER_TRIGGERED_ENB,
118490001000,1,2,1,1,HANDOVER_CANCELLED_RIC,
118720001000,1,2,1,1,HANDOVER_TRIGGERED_ENB,
118730001000,1,2,1,1,HANDOVER_CANCELLED_RIC,
118960001000,1,2,1,1,HANDOVER_TRIGGERED_ENB,
118970001000,1,2,1,1,HANDOVER_CANCELLED_RIC,
119200001000,1,2,1,1,HANDOVER_TRIGGERED_ENB,
119210001000,1,2,1,1,HANDOVER_CANCELLED_RIC,
119440001000,1,2,1,1,HANDOVER_TRIGGERED_ENB,
119450001000,1,2,1,1,HANDOVER_CANCELLED_RIC,
119680001000,1,2,1,1,HANDOVER_TRIGGERED_ENB,
119690001000,1,2,1,1,HANDOVER_CANCELLED_RIC,
119920001000,1,2,1,1,HANDOVER_TRIGGERED_ENB,
119930001000,1,2,1,1,HANDOVER_CANCELLED_RIC,
120160001000,1,2,1,1,HANDOVER_TRIGGERED_ENB,
120170001000,1,2,1,1,HANDOVER_CANCELLED_RIC,
120400001000,1,2,1,1,HANDOVER_TRIGGERED_ENB,
120410001000,1,2,1,1,HANDOVER_CANCELLED_RIC,
120640001000,1,2,1,1,HANDOVER_TRIGGERED_ENB,
120650001000,1,2,1,1,HANDOVER_CANCELLED_RIC,
120880001000,1,2,1,1,HANDOVER_TRIGGERED_ENB,
120890001000,1,2,1,1,HANDOVER_CANCELLED_RIC,
121120001000,1,2,1,1,HANDOVER_TRIGGERED_ENB,
121130001000,1,2,1,1,HANDOVER_CANCELLED_RIC,
121360001000,1,2,1,1,HANDOVER_TRIGGERED_ENB,
121370001000,1,2,1,1,HANDOVER_CANCELLED_RIC,
121600001000,1,2,1,1,HANDOVER_TRIGGERED_ENB,
121610001000,1,2,1,1,HANDOVER_CANCELLED_RIC,
121840001000,1,2,1,1,HANDOVER_TRIGGERED_ENB,
121850001000,1,2,1,1,HANDOVER_CANCELLED_RIC,
122080001000,1,2,1,1,HANDOVER_TRIGGERED_ENB,
122090001000,1,2,1,1,HANDOVER_CANCELLED_RIC,
122320001000,1,2,1,1,HANDOVER_TRIGGERED_ENB,
122330001000,1,2,1,1,HANDOVER_CANCELLED_RIC,
122560001000,1,2,1,1,HANDOVER_TRIGGERED_ENB,
122570001000,1,2,1,1,HANDOVER_CANCELLED_RIC,
122800001000,1,2,1,1,HANDOVER_TRIGGERED_ENB,
122810001000,1,2,1,1,HANDOVER_CANCELLED_RIC,
123040001000,1,2,1,1,HANDOVER_TRIGGERED_ENB,
123050001000,1,2,1,1,HANDOVER_CANCELLED_RIC,
123280001000,1,2,1,1,HANDOVER_TRIGGERED_ENB,
123290001000,1,2,1,1,HANDOVER_CANCELLED_RIC,
123520001000,1,2,1,1,HANDOVER_TRIGGERED_ENB,
123530001000,1,2,1,1,HANDOVER_CANCELLED_RIC,
123760001000,1,2,1,1,HANDOVER_TRIGGERED_ENB,
123770001000,1,2,1,1,HANDOVER_CANCELLED_RIC,
124000001000,1,2,1,1,HANDOVER_TRIGGERED_ENB,
124010001000,1,2,1,1,HANDOVER_CANCELLED_RIC,
124240001000,1,2,1,1,HANDOVER_TRIGGERED_ENB,
124250001000,1,2,1,1,HANDOVER_CANCELLED_RIC,
124480001000,1,2,1,1,HANDOVER_TRIGGERED_ENB,
124490001000,1,2,1,1,HANDOVER_CANCELLED_RIC,
124720001000,1,2,1,1,HANDOVER_TRIGGERED_ENB,
124730001000,1,2,1,1,HANDOVER_CANCELLED_RIC,
124960001000,1,2,1,1,HANDOVER_TRIGGERED_ENB,
124970001000,1,2,1,1,HANDOVER_CANCELLED_RIC,
125200001000,1,2,1,1,HANDOVER_TRIGGERED_ENB,
125210001000,1,2,1,1,HANDOVER_CANCELLED_RIC,
125440001000,1,2,1,1,HANDOVER_TRIGGERED_ENB,
125450001000,1,2,1,1,HANDOVER_CANCELLED_RIC,
125680001000,1,2,1,1,HANDOVER_TRIGGERED_ENB,
125690001000,1,2,1,1,HANDOVER_CANCELLED_RIC,
125920001000,1,2,1,1,HANDOVER_TRIGGERED_ENB,
125930001000,1,2,1,1,HANDOVER_CANCELLED_RIC,
126160001000,1,2,1,1,HANDOVER_TRIGGERED_ENB,
126170001000,1,2,1,1,HANDOVER_CANCELLED_RIC,
126400001000,1,2,1,1,HANDOVER_TRIGGERED_ENB,
126410001000,1,2,1,1,HANDOVER_CANCELLED_RIC,
126640001000,1,2,1,1,HANDOVER_TRIGGERED_ENB,
126650001000,1,2,1,1,HANDOVER_CANCELLED_RIC,
126880001000,1,2,1,1,HANDOVER_TRIGGERED_ENB,
126890001000,1,2,1,1,HANDOVER_CANCELLED_RIC,
127120001000,1,2,1,1,HANDOVER_TRIGGERED_ENB,
127130001000,1,2,1,1,HANDOVER_CANCELLED_RIC,
127360001000,1,2,1,1,HANDOVER_TRIGGERED_ENB,
127370001000,1,2,1,1,HANDOVER_CANCELLED_RIC,
127600001000,1,2,1,1,HANDOVER_TRIGGERED_ENB,
127610001000,1,2,1,1,HANDOVER_CANCELLED_RIC,
127840001000,1,2,1,1,HANDOVER_TRIGGERED_ENB,
127850001000,1,2,1,1,HANDOVER_CANCELLED_RIC,
128080001000,1,2,1,1,HANDOVER_TRIGGERED_ENB,
128090001000,1,2,1,1,HANDOVER_CANCELLED_RIC,
128320001000,1,2,1,1,HANDOVER_TRIGGERED_ENB,
128330001000,1,2,1,1,HANDOVER_CANCELLED_RIC,
128560001000,1,2,1,1,HANDOVER_TRIGGERED_ENB,
128570001000,1,2,1,1,HANDOVER_CANCELLED_RIC,
128800001000,1,2,1,1,HANDOVER_TRIGGERED_ENB,
128810001000,1,2,1,1,HANDOVER_CANCELLED_RIC,
129040001000,1,2,1,1,HANDOVER_TRIGGERED_ENB,
129050001000,1,2,1,1,HANDOVER_CANCELLED_RIC,
129280001000,1,2,1,1,HANDOVER_TRIGGERED_ENB,
129290001000,1,2,1,1,HANDOVER_CANCELLED_RIC,
129520001000,1,2,1,1,HANDOVER_TRIGGERED_ENB,
129530001000,1,2,1,1,HANDOVER_CANCELLED_RIC,
129860214285,1,1,2,1,CONNECTION_ESTABLISHED_UE,
129860214285,1,1,2,1,CONNECTION_ESTABLISHED_ENB,
174640001000,1,1,2,2,HANDOVER_TRIGGERED_ENB,
174820001000,1,1,2,2,HANDOVER_CANCELLED_RIC,
174880001000,1,1,2,2,HANDOVER_TRIGGERED_ENB,
175080001000,1,1,2,2,HANDOVER_CANCELLED_RIC,
175120001000,1,1,2,2,HANDOVER_TRIGGERED_ENB,
175330001000,1,1,2,2,HANDOVER_CANCELLED_RIC,
175360001000,1,1,2,2,HANDOVER_TRIGGERED_ENB,
175580001000,1,1,2,2,HANDOVER_CANCELLED_RIC,
175600001000,1,1,2,2,HANDOVER_TRIGGERED_ENB,
175800001000,1,1,2,2,HANDOVER_CANCELLED_RIC,
175840001000,1,1,2,2,HANDOVER_TRIGGERED_ENB,
176050001000,1,1,2,2,HANDOVER_CANCELLED_RIC,
176080001000,1,1,2,2,HANDOVER_TRIGGERED_ENB,
176270001000,1,1,2,2,HANDOVER_CANCELLED_RIC,
176320001000,1,1,2,2,HANDOVER_TRIGGERED_ENB,
176510001000,1,1,2,2,HANDOVER_CANCELLED_RIC,
176560001000,1,1,2,2,HANDOVER_TRIGGERED_ENB,
176760001000,1,1,2,2,HANDOVER_CANCELLED_RIC,
176800001000,1,1,2,2,HANDOVER_TRIGGERED_ENB,
177010001000,1,1,2,2,HANDOVER_CANCELLED_RIC,
177040001000,1,1,2,2,HANDOVER_TRIGGERED_ENB,
177290001000,1,1,2,2,HANDOVER_CANCELLED_RIC,
177290001000,1,1,2,2,HANDOVER_TRIGGERED_ENB,
177480001000,1,1,2,2,HANDOVER_CANCELLED_RIC,
177520001000,1,1,2,2,HANDOVER_TRIGGERED_ENB,
177730001000,1,1,2,2,HANDOVER_CANCELLED_RIC,
177760001000,1,1,2,2,HANDOVER_TRIGGERED_ENB,
177960001000,1,1,2,2,HANDOVER_CANCELLED_RIC,
178000001000,1,1,2,2,HANDOVER_TRIGGERED_ENB,
178200001000,1,1,2,2,HANDOVER_CANCELLED_RIC,
178240001000,1,1,2,2,HANDOVER_TRIGGERED_ENB,
178440001000,1,1,2,2,HANDOVER_CANCELLED_RIC,
178480001000,1,1,2,2,HANDOVER_TRIGGERED_ENB,
178700001000,1,1,2,2,HANDOVER_CANCELLED_RIC,
178720001000,1,1,2,2,HANDOVER_TRIGGERED_ENB,
178940001000,1,1,2,2,HANDOVER_CANCELLED_RIC,
178960001000,1,1,2,2,HANDOVER_TRIGGERED_ENB,
179190001000,1,1,2,2,HANDOVER_CANCELLED_RIC,
179200001000,1,1,2,2,HANDOVER_TRIGGERED_ENB,
179400001000,1,1,2,2,HANDOVER_CANCELLED_RIC,
179440001000,1,1,2,2,HANDOVER_TRIGGERED_ENB,
179640001000,1,1,2,2,HANDOVER_CANCELLED_RIC,
179680001000,1,1,2,2,HANDOVER_TRIGGERED_ENB,
179900001000,1,1,2,2,HANDOVER_CANCELLED_RIC,
179920001000,1,1,2,2,HANDOVER_TRIGGERED_ENB,
180140001000,1,1,2,2,HANDOVER_CANCELLED_RIC,
180160001000,1,1,2,2,HANDOVER_TRIGGERED_ENB,
180380001000,1,1,2,2,HANDOVER_CANCELLED_RIC,
180400001000,1,1,2,2,HANDOVER_TRIGGERED_ENB,
180620001000,1,1,2,2,HANDOVER_CANCELLED_RIC,
180640001000,1,1,2,2,HANDOVER_TRIGGERED_ENB,
180830001000,1,1,2,2,HANDOVER_CANCELLED_RIC,
180880001000,1,1,2,2,HANDOVER_TRIGGERED_ENB,
181100001000,1,1,2,2,HANDOVER_CANCELLED_RIC,
181120001000,1,1,2,2,HANDOVER_TRIGGERED_ENB,
181320001000,1,1,2,2,HANDOVER_CANCELLED_RIC,
181360001000,1,1,2,2,HANDOVER_TRIGGERED_ENB,
181550001000,1,1,2,2,HANDOVER_CANCELLED_RIC,
181600001000,1,1,2,2,HANDOVER_TRIGGERED_ENB,
181790001000,1,1,2,2,HANDOVER_CANCELLED_RIC,
181840001000,1,1,2,2,HANDOVER_TRIGGERED_ENB,
182040001000,1,1,2,2,HANDOVER_CANCELLED_RIC,
182080001000,1,1,2,2,HANDOVER_TRIGGERED_ENB,
182300001000,1,1,2,2,HANDOVER_CANCELLED_RIC,
182320001000,1,1,2,2,HANDOVER_TRIGGERED_ENB,
182520001000,1,1,2,2,HANDOVER_CANCELLED_RIC,
182560001000,1,1,2,2,HANDOVER_TRIGGERED_ENB,
182760001000,1,1,2,2,HANDOVER_CANCELLED_RIC,
182800001000,1,1,2,2,HANDOVER_TRIGGERED_ENB,
183000001000,1,1,2,2,HANDOVER_CANCELLED_RIC,
183040001000,1,1,2,2,HANDOVER_TRIGGERED_ENB,
183240001000,1,1,2,2,HANDOVER_CANCELLED_RIC,
183280001000,1,1,2,2,HANDOVER_TRIGGERED_ENB,
183500001000,1,1,2,2,HANDOVER_CANCELLED_RIC,
183520001000,1,1,2,2,HANDOVER_TRIGGERED_ENB,
183740001000,1,1,2,2,HANDOVER_CANCELLED_RIC,
183760001000,1,1,2,2,HANDOVER_TRIGGERED_ENB,
184010001000,1,1,2,2,HANDOVER_CANCELLED_RIC,
184010001000,1,1,2,2,HANDOVER_TRIGGERED_ENB,
184220001000,1,1,2,2,HANDOVER_CANCELLED_RIC,
184240001000,1,1,2,2,HANDOVER_TRIGGERED_ENB,
184470001000,1,1,2,2,HANDOVER_CANCELLED_RIC,
184480001000,1,1,2,2,HANDOVER_TRIGGERED_ENB,
184680001000,1,1,2,2,HANDOVER_CANCELLED_RIC,
184720001000,1,1,2,2,HANDOVER_TRIGGERED_ENB,
184920001000,1,1,2,2,HANDOVER_CANCELLED_RIC,
184960001000,1,1,2,2,HANDOVER_TRIGGERED_ENB,
185180001000,1,1,2,2,HANDOVER_CANCELLED_RIC,
185200001000,1,1,2,2,HANDOVER_TRIGGERED_ENB,
185400001000,1,1,2,2,HANDOVER_CANCELLED_RIC,
185440001000,1,1,2,2,HANDOVER_TRIGGERED_ENB,
185640001000,1,1,2,2,HANDOVER_CANCELLED_RIC,
185680001000,1,1,2,2,HANDOVER_TRIGGERED_ENB,
185880001000,1,1,2,2,HANDOVER_CANCELLED_RIC,
185920001000,1,1,2,2,HANDOVER_TRIGGERED_ENB,
186140001000,1,1,2,2,HANDOVER_CANCELLED_RIC,
186160001000,1,1,2,2,HANDOVER_TRIGGERED_ENB,
186390001000,1,1,2,2,HANDOVER_CANCELLED_RIC,
186400001000,1,1,2,2,HANDOVER_TRIGGERED_ENB,
186630001000,1,1,2,2,HANDOVER_CANCELLED_RIC,
186640001000,1,1,2,2,HANDOVER_TRIGGERED_ENB,
186840001000,1,1,2,2,HANDOVER_CANCELLED_RIC,
186880001000,1,1,2,2,HANDOVER_TRIGGERED_ENB,
187080001000,1,1,2,2,HANDOVER_CANCELLED_RIC,
187120001000,1,1,2,2,HANDOVER_TRIGGERED_ENB,
187310001000,1,1,2,2,HANDOVER_CANCELLED_RIC,
187360001000,1,1,2,2,HANDOVER_TRIGGERED_ENB,
187570001000,1,1,2,2,HANDOVER_CANCELLED_RIC,
187600001000,1,1,2,2,HANDOVER_TRIGGERED_ENB,
187800001000,1,1,2,2,HANDOVER_CANCELLED_RIC,
187840001000,1,1,2,2,HANDOVER_TRIGGERED_ENB,
188030001000,1,1,2,2,HANDOVER_CANCELLED_RIC,
188080001000,1,1,2,2,HANDOVER_TRIGGERED_ENB,
188290001000,1,1,2,2,HANDOVER_CANCELLED_RIC,
188320001000,1,1,2,2,HANDOVER_TRIGGERED_ENB,
188540001000,1,1,2,2,HANDOVER_CANCELLED_RIC,
188560001000,1,1,2,2,HANDOVER_TRIGGERED_ENB,
188750001000,1,1,2,2,HANDOVER_CANCELLED_RIC,
188800001000,1,1,2,2,HANDOVER_TRIGGERED_ENB,
189000001000,1,1,2,2,HANDOVER_CANCELLED_RIC,
189040001000,1,1,2,2,HANDOVER_TRIGGERED_ENB,
189250001000,1,1,2,2,HANDOVER_CANCELLED_RIC,
189280001000,1,1,2,2,HANDOVER_TRIGGERED_ENB,
189500001000,1,1,2,2,HANDOVER_CANCELLED_RIC,
189520001000,1,1,2,2,HANDOVER_TRIGGERED_ENB,
189730001000,1,1,2,2,HANDOVER_CANCELLED_RIC,
189760001000,1,1,2,2,HANDOVER_TRIGGERED_ENB,
189960001000,1,1,2,2,HANDOVER_CANCELLED_RIC,
190000001000,1,1,2,2,HANDOVER_TRIGGERED_ENB,
190220001000,1,1,2,2,HANDOVER_CANCELLED_RIC,
190240001000,1,1,2,2,HANDOVER_TRIGGERED_ENB,
190440001000,1,1,2,2,HANDOVER_CANCELLED_RIC,
190480001000,1,1,2,2,HANDOVER_TRIGGERED_ENB,
190680001000,1,1,2,2,HANDOVER_CANCELLED_RIC,
190720001000,1,1,2,2,HANDOVER_TRIGGERED_ENB,
190920001000,1,1,2,2,HANDOVER_CANCELLED_RIC,
190960001000,1,1,2,2,HANDOVER_TRIGGERED_ENB,
191170001000,1,1,2,2,HANDOVER_CANCELLED_RIC,
191200001000,1,1,2,2,HANDOVER_TRIGGERED_ENB,
191430001000,1,1,2,2,HANDOVER_CANCELLED_RIC,
191440001000,1,1,2,2,HANDOVER_TRIGGERED_ENB,
191660001000,1,1,2,2,HANDOVER_CANCELLED_RIC,
191680001000,1,1,2,2,HANDOVER_TRIGGERED_ENB,
191860001000,1,1,2,2,HANDOVER_CANCELLED_RIC,
191920001000,1,1,2,2,HANDOVER_TRIGGERED_ENB,
192130001000,1,1,2,2,HANDOVER_CANCELLED_RIC,
192160001000,1,1,2,2,HANDOVER_TRIGGERED_ENB,
192380001000,1,1,2,2,HANDOVER_CANCELLED_RIC,
192400001000,1,1,2,2,HANDOVER_TRIGGERED_ENB,
192620001000,1,1,2,2,HANDOVER_CANCELLED_RIC,
192640001000,1,1,2,2,HANDOVER_TRIGGERED_ENB,
192820001000,1,1,2,2,HANDOVER_CANCELLED_RIC,
192880001000,1,1,2,2,HANDOVER_TRIGGERED_ENB,
193100001000,1,1,2,2,HANDOVER_CANCELLED_RIC,
193120001000,1,1,2,2,HANDOVER_TRIGGERED_ENB,
193310001000,1,1,2,2,HANDOVER_CANCELLED_RIC,
193360001000,1,1,2,2,HANDOVER_TRIGGERED_ENB,
193570001000,1,1,2,2,HANDOVER_CANCELLED_RIC,
193600001000,1,1,2,2,HANDOVER_TRIGGERED_ENB,
193800001000,1,1,2,2,HANDOVER_CANCELLED_RIC,
193840001000,1,1,2,2,HANDOVER_TRIGGERED_ENB,
194050001000,1,1,2,2,HANDOVER_CANCELLED_RIC,
194080001000,1,1,2,2,HANDOVER_TRIGGERED_ENB,
194260214285,1,2,2,2,CONNECTION_ESTABLISHED_UE,
194260214285,1,2,2,2,CONNECTION_ESTABLISHED_ENB,
194280001000,18446744073709551615,1,2,2,HANDOVER_CANCELLED_RIC,
249760001000,1,2,2,1,HANDOVER_TRIGGERED_ENB,
249920001161,1,2,2,1,HANDOVER_START_ENB,
249920001161,1,2,2,1,HANDOVER_START_UE,
249924214285,1,1,3,1,HANDOVER_OK_UE,
249924214484,1,1,3,1,HANDOVER_OK_ENB,
324880001000,1,1,3,2,HANDOVER_TRIGGERED_ENB,
325050001000,1,1,3,2,HANDOVER_CANCELLED_RIC,
325120001000,1,1,3,2,HANDOVER_TRIGGERED_ENB,
325290001000,1,1,3,2,HANDOVER_CANCELLED_RIC,
325360001000,1,1,3,2,HANDOVER_TRIGGERED_ENB,
325550001000,1,1,3,2,HANDOVER_CANCELLED_RIC,
325600001000,1,1,3,2,HANDOVER_TRIGGERED_ENB,
325800001000,1,1,3,2,HANDOVER_CANCELLED_RIC,
325840001000,1,1,3,2,HANDOVER_TRIGGERED_ENB,
326060001000,1,1,3,2,HANDOVER_CANCELLED_RIC,
326080001000,1,1,3,2,HANDOVER_TRIGGERED_ENB,
326280001000,1,1,3,2,HANDOVER_CANCELLED_RIC,
326320001000,1,1,3,2,HANDOVER_TRIGGERED_ENB,
326520001000,1,1,3,2,HANDOVER_CANCELLED_RIC,
326560001000,1,1,3,2,HANDOVER_TRIGGERED_ENB,
326750001000,1,1,3,2,HANDOVER_CANCELLED_RIC,
326800001000,1,1,3,2,HANDOVER_TRIGGERED_ENB,
327010001000,1,1,3,2,HANDOVER_CANCELLED_RIC,
327040001000,1,1,3,2,HANDOVER_TRIGGERED_ENB,
327230001000,1,1,3,2,HANDOVER_CANCELLED_RIC,
327280001000,1,1,3,2,HANDOVER_TRIGGERED_ENB,
327480001000,1,1,3,2,HANDOVER_CANCELLED_RIC,
327520001000,1,1,3,2,HANDOVER_TRIGGERED_ENB,
327720001000,1,1,3,2,HANDOVER_CANCELLED_RIC,
327760001000,1,1,3,2,HANDOVER_TRIGGERED_ENB,
327970001000,1,1,3,2,HANDOVER_CANCELLED_RIC,
328000001000,1,1,3,2,HANDOVER_TRIGGERED_ENB,
328200001000,1,1,3,2,HANDOVER_CANCELLED_RIC,
328240001000,1,1,3,2,HANDOVER_TRIGGERED_ENB,
328450001000,1,1,3,2,HANDOVER_CANCELLED_RIC,
328480001000,1,1,3,2,HANDOVER_TRIGGERED_ENB,
328680001000,1,1,3,2,HANDOVER_CANCELLED_RIC,
328720001000,1,1,3,2,HANDOVER_TRIGGERED_ENB,
328920001000,1,1,3,2,HANDOVER_CANCELLED_RIC,
328960001000,1,1,3,2,HANDOVER_TRIGGERED_ENB,
329180001000,1,1,3,2,HANDOVER_CANCELLED_RIC,
329200001000,1,1,3,2,HANDOVER_TRIGGERED_ENB,
329390001000,1,1,3,2,HANDOVER_CANCELLED_RIC,
329440001000,1,1,3,2,HANDOVER_TRIGGERED_ENB,
329660001000,1,1,3,2,HANDOVER_CANCELLED_RIC,
329680001000,1,1,3,2,HANDOVER_TRIGGERED_ENB,
329880001000,1,1,3,2,HANDOVER_CANCELLED_RIC,
329920001000,1,1,3,2,HANDOVER_TRIGGERED_ENB,
330130001000,1,1,3,2,HANDOVER_CANCELLED_RIC,
330160001000,1,1,3,2,HANDOVER_TRIGGERED_ENB,
330360001000,1,1,3,2,HANDOVER_CANCELLED_RIC,
330400001000,1,1,3,2,HANDOVER_TRIGGERED_ENB,
330600001000,1,1,3,2,HANDOVER_CANCELLED_RIC,
330640001000,1,1,3,2,HANDOVER_TRIGGERED_ENB,
330860001000,1,1,3,2,HANDOVER_CANCELLED_RIC,
330880001000,1,1,3,2,HANDOVER_TRIGGERED_ENB,
331080001000,1,1,3,2,HANDOVER_CANCELLED_RIC,
331120001000,1,1,3,2,HANDOVER_TRIGGERED_ENB,
331360001000,1,1,3,2,HANDOVER_CANCELLED_RIC,
331360001000,1,1,3,2,HANDOVER_TRIGGERED_ENB,
331570001000,1,1,3,2,HANDOVER_CANCELLED_RIC,
331600001000,1,1,3,2,HANDOVER_TRIGGERED_ENB,
331820001000,1,1,3,2,HANDOVER_CANCELLED_RIC,
331840001000,1,1,3,2,HANDOVER_TRIGGERED_ENB,
332050001000,1,1,3,2,HANDOVER_CANCELLED_RIC,
332080001000,1,1,3,2,HANDOVER_TRIGGERED_ENB,
332270001000,1,1,3,2,HANDOVER_CANCELLED_RIC,
332320001000,1,1,3,2,HANDOVER_TRIGGERED_ENB,
332520001000,1,1,3,2,HANDOVER_CANCELLED_RIC,
332560001000,1,1,3,2,HANDOVER_TRIGGERED_ENB,
332750001000,1,1,3,2,HANDOVER_CANCELLED_RIC,
332800001000,1,1,3,2,HANDOVER_TRIGGERED_ENB,
333040001000,1,1,3,2,HANDOVER_CANCELLED_RIC,
333040001000,1,1,3,2,HANDOVER_TRIGGERED_ENB,
333250001000,1,1,3,2,HANDOVER_CANCELLED_RIC,
333280001000,1,1,3,2,HANDOVER_TRIGGERED_ENB,
333500001000,1,1,3,2,HANDOVER_CANCELLED_RIC,
333520001000,1,1,3,2,HANDOVER_TRIGGERED_ENB,
333710001000,1,1,3,2,HANDOVER_CANCELLED_RIC,
333760001000,1,1,3,2,HANDOVER_TRIGGERED_ENB,
333950001000,1,1,3,2,HANDOVER_CANCELLED_RIC,
334000001000,1,1,3,2,HANDOVER_TRIGGERED_ENB,
334200001000,1,1,3,2,HANDOVER_CANCELLED_RIC,
334240001000,1,1,3,2,HANDOVER_TRIGGERED_ENB,
334460001000,1,1,3,2,HANDOVER_CANCELLED_RIC,
334480001000,1,1,3,2,HANDOVER_TRIGGERED_ENB,
334680001000,1,1,3,2,HANDOVER_CANCELLED_RIC,
334720001000,1,1,3,2,HANDOVER_TRIGGERED_ENB,
334920001000,1,1,3,2,HANDOVER_CANCELLED_RIC,
334960001000,1,1,3,2,HANDOVER_TRIGGERED_ENB,
335160001000,1,1,3,2,HANDOVER_CANCELLED_RIC,
335200001000,1,1,3,2,HANDOVER_TRIGGERED_ENB,
335410001000,1,1,3,2,HANDOVER_CANCELLED_RIC,
335440001000,1,1,3,2,HANDOVER_TRIGGERED_ENB,
335630001000,1,1,3,2,HANDOVER_CANCELLED_RIC,
335680001000,1,1,3,2,HANDOVER_TRIGGERED_ENB,
335910001000,1,1,3,2,HANDOVER_CANCELLED_RIC,
335920001000,1,1,3,2,HANDOVER_TRIGGERED_ENB,
336120001000,1,1,3,2,HANDOVER_CANCELLED_RIC,
336160001000,1,1,3,2,HANDOVER_TRIGGERED_ENB,
336370001000,1,1,3,2,HANDOVER_CANCELLED_RIC,
336400001000,1,1,3,2,HANDOVER_TRIGGERED_ENB,
336600001000,1,1,3,2,HANDOVER_CANCELLED_RIC,
336640001000,1,1,3,2,HANDOVER_TRIGGERED_ENB,
336820001000,1,1,3,2,HANDOVER_CANCELLED_RIC,
336880001000,1,1,3,2,HANDOVER_TRIGGERED_ENB,
337090001000,1,1,3,2,HANDOVER_CANCELLED_RIC,
337120001000,1,1,3,2,HANDOVER_TRIGGERED_ENB,
337310001000,1,1,3,2,HANDOVER_CANCELLED_RIC,
337360001000,1,1,3,2,HANDOVER_TRIGGERED_ENB,
337580001000,1,1,3,2,HANDOVER_CANCELLED_RIC,
337600001000,1,1,3,2,HANDOVER_TRIGGERED_ENB,
337800001000,1,1,3,2,HANDOVER_CANCELLED_RIC,
337840001000,1,1,3,2,HANDOVER_TRIGGERED_ENB,
338040001000,1,1,3,2,HANDOVER_CANCELLED_RIC,
338080001000,1,1,3,2,HANDOVER_TRIGGERED_ENB,
338270001000,1,1,3,2,HANDOVER_CANCELLED_RIC,
338320001000,1,1,3,2,HANDOVER_TRIGGERED_ENB,
338510001000,1,1,3,2,HANDOVER_CANCELLED_RIC,
338560001000,1,1,3,2,HANDOVER_TRIGGERED_ENB,
338740001000,1,1,3,2,HANDOVER_CANCELLED_RIC,
338800001000,1,1,3,2,HANDOVER_TRIGGERED_ENB,
339010001000,1,1,3,2,HANDOVER_CANCELLED_RIC,
339040001000,1,1,3,2,HANDOVER_TRIGGERED_ENB,
339230001000,1,1,3,2,HANDOVER_CANCELLED_RIC,
339280001000,1,1,3,2,HANDOVER_TRIGGERED_ENB,
339480001000,1,1,3,2,HANDOVER_CANCELLED_RIC,
339520001000,1,1,3,2,HANDOVER_TRIGGERED_ENB,
339740001000,1,1,3,2,HANDOVER_CANCELLED_RIC,
339760001000,1,1,3,2,HANDOVER_TRIGGERED_ENB,
339970001000,1,1,3,2,HANDOVER_CANCELLED_RIC,
340000001000,1,1,3,2,HANDOVER_TRIGGERED_ENB,
340180001000,1,1,3,2,HANDOVER_CANCELLED_RIC,
340240001000,1,1,3,2,HANDOVER_TRIGGERED_ENB,
340460001000,1,1,3,2,HANDOVER_CANCELLED_RIC,
340480001000,1,1,3,2,HANDOVER_TRIGGERED_ENB,
340690001000,1,1,3,2,HANDOVER_CANCELLED_RIC,
340720001000,1,1,3,2,HANDOVER_TRIGGERED_ENB,
340920001000,1,1,3,2,HANDOVER_CANCELLED_RIC,
340960001000,1,1,3,2,HANDOVER_TRIGGERED_ENB,
341170001000,1,1,3,2,HANDOVER_CANCELLED_RIC,
341200001000,1,1,3,2,HANDOVER_TRIGGERED_ENB,
341390001000,1,1,3,2,HANDOVER_CANCELLED_RIC,
341440001000,1,1,3,2,HANDOVER_TRIGGERED_ENB,
341620001000,1,1,3,2,HANDOVER_CANCELLED_RIC,
341680001000,1,1,3,2,HANDOVER_TRIGGERED_ENB,
341890001000,1,1,3,2,HANDOVER_CANCELLED_RIC,
341920001000,1,1,3,2,HANDOVER_TRIGGERED_ENB,
342100001000,1,1,3,2,HANDOVER_CANCELLED_RIC,
342160001000,1,1,3,2,HANDOVER_TRIGGERED_ENB,
342370001000,1,1,3,2,HANDOVER_CANCELLED_RIC,
342400001000,1,1,3,2,HANDOVER_TRIGGERED_ENB,
342610001000,1,1,3,2,HANDOVER_CANCELLED_RIC,
342640001000,1,1,3,2,HANDOVER_TRIGGERED_ENB,
342830001000,1,1,3,2,HANDOVER_CANCELLED_RIC,
342880001000,1,1,3,2,HANDOVER_TRIGGERED_ENB,
343100001000,1,1,3,2,HANDOVER_CANCELLED_RIC,
343120001000,1,1,3,2,HANDOVER_TRIGGERED_ENB,
343300001000,1,1,3,2,HANDOVER_CANCELLED_RIC,
343360001000,1,1,3,2,HANDOVER_TRIGGERED_ENB,
343560001000,1,1,3,2,HANDOVER_CANCELLED_RIC,
343600001000,1,1,3,2,HANDOVER_TRIGGERED_ENB,
343770001000,1,1,3,2,HANDOVER_CANCELLED_RIC,
343840001000,1,1,3,2,HANDOVER_TRIGGERED_ENB,
344050001000,1,1,3,2,HANDOVER_CANCELLED_RIC,
344080001000,1,1,3,2,HANDOVER_TRIGGERED_ENB,
344260214285,1,2,3,2,CONNECTION_ESTABLISHED_UE,
344260214285,1,2,3,2,CONNECTION_ESTABLISHED_ENB,
344270001000,18446744073709551615,1,3,2,HANDOVER_CANCELLED_RIC,
399760001000,1,2,3,1,HANDOVER_TRIGGERED_ENB,
399910001161,1,2,3,1,HANDOVER_START_ENB,
399910001161,1,2,3,1,HANDOVER_START_UE,
399914214285,1,1,4,1,HANDOVER_OK_UE,
399914214484,1,1,4,1,HANDOVER_OK_ENB,
474880001000,1,1,4,2,HANDOVER_TRIGGERED_ENB,
475060001000,1,1,4,2,HANDOVER_CANCELLED_RIC,
475120001000,1,1,4,2,HANDOVER_TRIGGERED_ENB,
475290001000,1,1,4,2,HANDOVER_CANCELLED_RIC,
475360001000,1,1,4,2,HANDOVER_TRIGGERED_ENB,
475510001000,1,1,4,2,HANDOVER_CANCELLED_RIC,
475600001000,1,1,4,2,HANDOVER_TRIGGERED_ENB,
475770001000,1,1,4,2,HANDOVER_CANCELLED_RIC,
475840001000,1,1,4,2,HANDOVER_TRIGGERED_ENB,
476030001000,1,1,4,2,HANDOVER_CANCELLED_RIC,
476080001000,1,1,4,2,HANDOVER_TRIGGERED_ENB,
476280001000,1,1,4,2,HANDOVER_CANCELLED_RIC,
476320001000,1,1,4,2,HANDOVER_TRIGGERED_ENB,
476510001000,1,1,4,2,HANDOVER_CANCELLED_RIC,
476560001000,1,1,4,2,HANDOVER_TRIGGERED_ENB,
476770001000,1,1,4,2,HANDOVER_CANCELLED_RIC,
476800001000,1,1,4,2,HANDOVER_TRIGGERED_ENB,
477000001000,1,1,4,2,HANDOVER_CANCELLED_RIC,
477040001000,1,1,4,2,HANDOVER_TRIGGERED_ENB,
477260001000,1,1,4,2,HANDOVER_CANCELLED_RIC,
477280001000,1,1,4,2,HANDOVER_TRIGGERED_ENB,
477470001000,1,1,4,2,HANDOVER_CANCELLED_RIC,
477520001000,1,1,4,2,HANDOVER_TRIGGERED_ENB,
477700001000,1,1,4,2,HANDOVER_CANCELLED_RIC,
477760001000,1,1,4,2,HANDOVER_TRIGGERED_ENB,
477940001000,1,1,4,2,HANDOVER_CANCELLED_RIC,
478000001000,1,1,4,2,HANDOVER_TRIGGERED_ENB,
478200001000,1,1,4,2,HANDOVER_CANCELLED_RIC,
478240001000,1,1,4,2,HANDOVER_TRIGGERED_ENB,
478440001000,1,1,4,2,HANDOVER_CANCELLED_RIC,
478480001000,1,1,4,2,HANDOVER_TRIGGERED_ENB,
478700001000,1,1,4,2,HANDOVER_CANCELLED_RIC,
478720001000,1,1,4,2,HANDOVER_TRIGGERED_ENB,
478930001000,1,1,4,2,HANDOVER_CANCELLED_RIC,
478960001000,1,1,4,2,HANDOVER_TRIGGERED_ENB,
479180001000,1,1,4,2,HANDOVER_CANCELLED_RIC,
479200001000,1,1,4,2,HANDOVER_TRIGGERED_ENB,
479410001000,1,1,4,2,HANDOVER_CANCELLED_RIC,
479440001000,1,1,4,2,HANDOVER_TRIGGERED_ENB,
479630001000,1,1,4,2,HANDOVER_CANCELLED_RIC,
479680001000,1,1,4,2,HANDOVER_TRIGGERED_ENB,
479860001000,1,1,4,2,HANDOVER_CANCELLED_RIC,
479920001000,1,1,4,2,HANDOVER_TRIGGERED_ENB,
480100001000,1,1,4,2,HANDOVER_CANCELLED_RIC,
480160001000,1,1,4,2,HANDOVER_TRIGGERED_ENB,
480380001000,1,1,4,2,HANDOVER_CANCELLED_RIC,
480400001000,1,1,4,2,HANDOVER_TRIGGERED_ENB,
480600001000,1,1,4,2,HANDOVER_CANCELLED_RIC,
480640001000,1,1,4,2,HANDOVER_TRIGGERED_ENB,
480830001000,1,1,4,2,HANDOVER_CANCELLED_RIC,
480880001000,1,1,4,2,HANDOVER_TRIGGERED_ENB,
481100001000,1,1,4,2,HANDOVER_CANCELLED_RIC,
481120001000,1,1,4,2,HANDOVER_TRIGGERED_ENB,
481330001000,1,1,4,2,HANDOVER_CANCELLED_RIC,
481360001000,1,1,4,2,HANDOVER_TRIGGERED_ENB,
481560001000,1,1,4,2,HANDOVER_CANCELLED_RIC,
481600001000,1,1,4,2,HANDOVER_TRIGGERED_ENB,
481790001000,1,1,4,2,HANDOVER_CANCELLED_RIC,
481840001000,1,1,4,2,HANDOVER_TRIGGERED_ENB,
482040001000,1,1,4,2,HANDOVER_CANCELLED_RIC,
482080001000,1,1,4,2,HANDOVER_TRIGGERED_ENB,
482280001000,1,1,4,2,HANDOVER_CANCELLED_RIC,
482320001000,1,1,4,2,HANDOVER_TRIGGERED_ENB,
482510001000,1,1,4,2,HANDOVER_CANCELLED_RIC,
482560001000,1,1,4,2,HANDOVER_TRIGGERED_ENB,
482750001000,1,1,4,2,HANDOVER_CANCELLED_RIC,
482800001000,1,1,4,2,HANDOVER_TRIGGERED_ENB,
483000001000,1,1,4,2,HANDOVER_CANCELLED_RIC,
483040001000,1,1,4,2,HANDOVER_TRIGGERED_ENB,
483240001000,1,1,4,2,HANDOVER_CANCELLED_RIC,
483280001000,1,1,4,2,HANDOVER_TRIGGERED_ENB,
483480001000,1,1,4,2,HANDOVER_CANCELLED_RIC,
483520001000,1,1,4,2,HANDOVER_TRIGGERED_ENB,
483730001000,1,1,4,2,HANDOVER_CANCELLED_RIC,
483760001000,1,1,4,2,HANDOVER_TRIGGERED_ENB,
483960001000,1,1,4,2,HANDOVER_CANCELLED_RIC,
484000001000,1,1,4,2,HANDOVER_TRIGGERED_ENB,
484190001000,1,1,4,2,HANDOVER_CANCELLED_RIC,
484240001000,1,1,4,2,HANDOVER_TRIGGERED_ENB,
484470001000,1,1,4,2,HANDOVER_CANCELLED_RIC,
484480001000,1,1,4,2,HANDOVER_TRIGGERED_ENB,
484660001000,1,1,4,2,HANDOVER_CANCELLED_RIC,
484720001000,1,1,4,2,HANDOVER_TRIGGERED_ENB,
484920001000,1,1,4,2,HANDOVER_CANCELLED_RIC,
484960001000,1,1,4,2,HANDOVER_TRIGGERED_ENB,
485180001000,1,1,4,2,HANDOVER_CANCELLED_RIC,
485200001000,1,1,4,2,HANDOVER_TRIGGERED_ENB,
485380001000,1,1,4,2,HANDOVER_CANCELLED_RIC,
485440001000,1,1,4,2,HANDOVER_TRIGGERED_ENB,
485660001000,1,1,4,2,HANDOVER_CANCELLED_RIC,
485680001000,1,1,4,2,HANDOVER_TRIGGERED_ENB,
485870001000,1,1,4,2,HANDOVER_CANCELLED_RIC,
485920001000,1,1,4,2,HANDOVER_TRIGGERED_ENB,
486110001000,1,1,4,2,HANDOVER_CANCELLED_RIC,
486160001000,1,1,4,2,HANDOVER_TRIGGERED_ENB,
486360001000,1,1,4,2,HANDOVER_CANCELLED_RIC,
486400001000,1,1,4,2,HANDOVER_TRIGGERED_ENB,
486600001000,1,1,4,2,HANDOVER_CANCELLED_RIC,
486640001000,1,1,4,2,HANDOVER_TRIGGERED_ENB,
486830001000,1,1,4,2,HANDOVER_CANCELLED_RIC,
486880001000,1,1,4,2,HANDOVER_TRIGGERED_ENB,
487070001000,1,1,4,2,HANDOVER_CANCELLED_RIC,
487120001000,1,1,4,2,HANDOVER_TRIGGERED_ENB,
487330001000,1,1,4,2,HANDOVER_CANCELLED_RIC,
487360001000,1,1,4,2,HANDOVER_TRIGGERED_ENB,
487550001000,1,1,4,2,HANDOVER_CANCELLED_RIC,
487600001000,1,1,4,2,HANDOVER_TRIGGERED_ENB,
487810001000,1,1,4,2,HANDOVER_CANCELLED_RIC,
487840001000,1,1,4,2,HANDOVER_TRIGGERED_ENB,
488030001000,1,1,4,2,HANDOVER_CANCELLED_RIC,
488080001000,1,1,4,2,HANDOVER_TRIGGERED_ENB,
488260001000,1,1,4,2,HANDOVER_CANCELLED_RIC,
488320001000,1,1,4,2,HANDOVER_TRIGGERED_ENB,
488540001000,1,1,4,2,HANDOVER_CANCELLED_RIC,
488560001000,1,1,4,2,HANDOVER_TRIGGERED_ENB,
488740001000,1,1,4,2,HANDOVER_CANCELLED_RIC,
488800001000,1,1,4,2,HANDOVER_TRIGGERED_ENB,
489000001000,1,1,4,2,HANDOVER_CANCELLED_RIC,
489040001000,1,1,4,2,HANDOVER_TRIGGERED_ENB,
489230001000,1,1,4,2,HANDOVER_CANCELLED_RIC,
489280001000,1,1,4,2,HANDOVER_TRIGGERED_ENB,
489470001000,1,1,4,2,HANDOVER_CANCELLED_RIC,
489520001000,1,1,4,2,HANDOVER_TRIGGERED_ENB,
489690001000,1,1,4,2,HANDOVER_CANCELLED_RIC,
489760001000,1,1,4,2,HANDOVER_TRIGGERED_ENB,
489960001000,1,1,4,2,HANDOVER_CANCELLED_RIC,
490000001000,1,1,4,2,HANDOVER_TRIGGERED_ENB,
490200001000,1,1,4,2,HANDOVER_CANCELLED_RIC,
490240001000,1,1,4,2,HANDOVER_TRIGGERED_ENB,
490440001000,1,1,4,2,HANDOVER_CANCELLED_RIC,
490480001000,1,1,4,2,HANDOVER_TRIGGERED_ENB,
490670001000,1,1,4,2,HANDOVER_CANCELLED_RIC,
490720001000,1,1,4,2,HANDOVER_TRIGGERED_ENB,
490900001000,1,1,4,2,HANDOVER_CANCELLED_RIC,
490960001000,1,1,4,2,HANDOVER_TRIGGERED_ENB,
491140001000,1,1,4,2,HANDOVER_CANCELLED_RIC,
491200001000,1,1,4,2,HANDOVER_TRIGGERED_ENB,
491400001000,1,1,4,2,HANDOVER_CANCELLED_RIC,
491440001000,1,1,4,2,HANDOVER_TRIGGERED_ENB,
491640001000,1,1,4,2,HANDOVER_CANCELLED_RIC,
491680001000,1,1,4,2,HANDOVER_TRIGGERED_ENB,
491880001000,1,1,4,2,HANDOVER_CANCELLED_RIC,
491920001000,1,1,4,2,HANDOVER_TRIGGERED_ENB,
492120001000,1,1,4,2,HANDOVER_CANCELLED_RIC,
492160001000,1,1,4,2,HANDOVER_TRIGGERED_ENB,
492360001000,1,1,4,2,HANDOVER_CANCELLED_RIC,
492400001000,1,1,4,2,HANDOVER_TRIGGERED_ENB,
492610001000,1,1,4,2,HANDOVER_CANCELLED_RIC,
492640001000,1,1,4,2,HANDOVER_TRIGGERED_ENB,
492820001000,1,1,4,2,HANDOVER_CANCELLED_RIC,
492880001000,1,1,4,2,HANDOVER_TRIGGERED_ENB,
493090001000,1,1,4,2,HANDOVER_CANCELLED_RIC,
493120001000,1,1,4,2,HANDOVER_TRIGGERED_ENB,
493310001000,1,1,4,2,HANDOVER_CANCELLED_RIC,
493360001000,1,1,4,2,HANDOVER_TRIGGERED_ENB,
493560001000,1,1,4,2,HANDOVER_CANCELLED_RIC,
493600001000,1,1,4,2,HANDOVER_TRIGGERED_ENB,
493790001000,1,1,4,2,HANDOVER_CANCELLED_RIC,
493840001000,1,1,4,2,HANDOVER_TRIGGERED_ENB,
494030001000,1,1,4,2,HANDOVER_CANCELLED_RIC,
494080001000,1,1,4,2,HANDOVER_TRIGGERED_ENB,
494260214285,1,2,4,2,CONNECTION_ESTABLISHED_UE,
494260214285,1,2,4,2,CONNECTION_ESTABLISHED_ENB,
494270001000,18446744073709551615,1,4,2,HANDOVER_CANCELLED_RIC,
549760001000,1,2,4,1,HANDOVER_TRIGGERED_ENB,
549930001161,1,2,4,1,HANDOVER_START_ENB,
549930001161,1,2,4,1,HANDOVER_START_UE,
549934214285,1,1,5,1,HANDOVER_OK_UE,
549934214484,1,1,5,1,HANDOVER_OK_ENB,
